x,y,z,q0,q1,q2,q3,U
   -4.500000    ,   -4.500000    ,   -4.500000    ,   1.0000000    ,   0.00000000   ,   0.00000000   ,   0.00000000   ,                     -0.123047                     
   -4.500000    ,   -4.500000    ,   -3.500000    ,   1.0000000    ,   0.00000000   ,   0.00000000   ,   0.00000000   ,                     -0.123047                     
   -4.500000    ,   -4.500000    ,   -2.500000    ,   1.0000000    ,   0.00000000   ,   0.00000000   ,   0.00000000   ,                     -0.123047                     
   -4.500000    ,   -4.500000    ,   -1.500000    ,   1.0000000    ,   0.00000000   ,   0.00000000   ,   0.00000000   ,                     -0.123047                     
   -4.500000    ,   -4.500000    ,   -0.500000    ,   1.0000000    ,   0.00000000   ,   0.00000000   ,   0.00000000   ,                     -0.123047                     
   -4.500000    ,   -4.500000    ,   0.5000000    ,   1.0000000    ,   0.00000000   ,   0.00000000   ,   0.00000000   ,                     -0.123047                     
   -4.500000    ,   -4.500000    ,   1.5000000    ,   1.0000000    ,   0.00000000   ,   0.00000000   ,   0.00000000   ,                     -0.123047                     
   -4.500000    ,   -4.500000    ,   2.5000000    ,   1.0000000    ,   0.00000000   ,   0.00000000   ,   0.00000000   ,                     -0.123047                     
   -4.500000    ,   -4.500000    ,   3.5000000    ,   1.0000000    ,   0.00000000   ,   0.00000000   ,   0.00000000   ,                     -0.123047                     
   -4.500000    ,   -4.500000    ,   4.5000000    ,   1.0000000    ,   0.00000000   ,   0.00000000   ,   0.00000000   ,                     -0.123047                     
   -4.500000    ,   -3.500000    ,   -4.500000    ,   1.0000000    ,   0.00000000   ,   0.00000000   ,   0.00000000   ,                     -0.123047                     
   -4.500000    ,   -3.500000    ,   -3.500000    ,   1.0000000    ,   0.00000000   ,   0.00000000   ,   0.00000000   ,                     -0.123047                     
   -4.500000    ,   -3.500000    ,   -2.500000    ,   1.0000000    ,   0.00000000   ,   0.00000000   ,   0.00000000   ,                     -0.123047                     
   -4.500000    ,   -3.500000    ,   -1.500000    ,   1.0000000    ,   0.00000000   ,   0.00000000   ,   0.00000000   ,                     -0.123047                     
   -4.500000    ,   -3.500000    ,   -0.500000    ,   1.0000000    ,   0.00000000   ,   0.00000000   ,   0.00000000   ,                     -0.123047                     
   -4.500000    ,   -3.500000    ,   0.5000000    ,   1.0000000    ,   0.00000000   ,   0.00000000   ,   0.00000000   ,                     -0.123047                     
   -4.500000    ,   -3.500000    ,   1.5000000    ,   1.0000000    ,   0.00000000   ,   0.00000000   ,   0.00000000   ,                     -0.123047                     
   -4.500000    ,   -3.500000    ,   2.5000000    ,   1.0000000    ,   0.00000000   ,   0.00000000   ,   0.00000000   ,                     -0.123047                     
   -4.500000    ,   -3.500000    ,   3.5000000    ,   1.0000000    ,   0.00000000   ,   0.00000000   ,   0.00000000   ,                     -0.123047                     
   -4.500000    ,   -3.500000    ,   4.5000000    ,   1.0000000    ,   0.00000000   ,   0.00000000   ,   0.00000000   ,                     -0.123047                     
   -4.500000    ,   -2.500000    ,   -4.500000    ,   1.0000000    ,   0.00000000   ,   0.00000000   ,   0.00000000   ,                     -0.123047                     
   -4.500000    ,   -2.500000    ,   -3.500000    ,   1.0000000    ,   0.00000000   ,   0.00000000   ,   0.00000000   ,                     -0.123047                     
   -4.500000    ,   -2.500000    ,   -2.500000    ,   1.0000000    ,   0.00000000   ,   0.00000000   ,   0.00000000   ,                     -0.123047                     
   -4.500000    ,   -2.500000    ,   -1.500000    ,   1.0000000    ,   0.00000000   ,   0.00000000   ,   0.00000000   ,                     -0.123047                     
   -4.500000    ,   -2.500000    ,   -0.500000    ,   1.0000000    ,   0.00000000   ,   0.00000000   ,   0.00000000   ,                     -0.123047                     
   -4.500000    ,   -2.500000    ,   0.5000000    ,   1.0000000    ,   0.00000000   ,   0.00000000   ,   0.00000000   ,                     -0.123047                     
   -4.500000    ,   -2.500000    ,   1.5000000    ,   1.0000000    ,   0.00000000   ,   0.00000000   ,   0.00000000   ,                     -0.123047                     
   -4.500000    ,   -2.500000    ,   2.5000000    ,   1.0000000    ,   0.00000000   ,   0.00000000   ,   0.00000000   ,                     -0.123047                     
   -4.500000    ,   -2.500000    ,   3.5000000    ,   1.0000000    ,   0.00000000   ,   0.00000000   ,   0.00000000   ,                     -0.123047                     
   -4.500000    ,   -2.500000    ,   4.5000000    ,   1.0000000    ,   0.00000000   ,   0.00000000   ,   0.00000000   ,                     -0.123047                     
   -4.500000    ,   -1.500000    ,   -4.500000    ,   1.0000000    ,   0.00000000   ,   0.00000000   ,   0.00000000   ,                     -0.123047                     
   -4.500000    ,   -1.500000    ,   -3.500000    ,   1.0000000    ,   0.00000000   ,   0.00000000   ,   0.00000000   ,                     -0.123311                     
   -4.500000    ,   -1.500000    ,   -2.500000    ,   1.0000000    ,   0.00000000   ,   0.00000000   ,   0.00000000   ,                     -0.123387                     
   -4.500000    ,   -1.500000    ,   -1.500000    ,   1.0000000    ,   0.00000000   ,   0.00000000   ,   0.00000000   ,                     -0.123914                     
   -4.500000    ,   -1.500000    ,   -0.500000    ,   1.0000000    ,   0.00000000   ,   0.00000000   ,   0.00000000   ,                     -0.123990                     
   -4.500000    ,   -1.500000    ,   0.5000000    ,   1.0000000    ,   0.00000000   ,   0.00000000   ,   0.00000000   ,                     -0.123990                     
   -4.500000    ,   -1.500000    ,   1.5000000    ,   1.0000000    ,   0.00000000   ,   0.00000000   ,   0.00000000   ,                     -0.123914                     
   -4.500000    ,   -1.500000    ,   2.5000000    ,   1.0000000    ,   0.00000000   ,   0.00000000   ,   0.00000000   ,                     -0.123387                     
   -4.500000    ,   -1.500000    ,   3.5000000    ,   1.0000000    ,   0.00000000   ,   0.00000000   ,   0.00000000   ,                     -0.123311                     
   -4.500000    ,   -1.500000    ,   4.5000000    ,   1.0000000    ,   0.00000000   ,   0.00000000   ,   0.00000000   ,                     -0.123047                     
   -4.500000    ,   -0.500000    ,   -4.500000    ,   1.0000000    ,   0.00000000   ,   0.00000000   ,   0.00000000   ,                     -0.123047                     
   -4.500000    ,   -0.500000    ,   -3.500000    ,   1.0000000    ,   0.00000000   ,   0.00000000   ,   0.00000000   ,                     -0.123387                     
   -4.500000    ,   -0.500000    ,   -2.500000    ,   1.0000000    ,   0.00000000   ,   0.00000000   ,   0.00000000   ,                     -0.123495                     
   -4.500000    ,   -0.500000    ,   -1.500000    ,   1.0000000    ,   0.00000000   ,   0.00000000   ,   0.00000000   ,                     -0.124174                     
   -4.500000    ,   -0.500000    ,   -0.500000    ,   1.0000000    ,   0.00000000   ,   0.00000000   ,   0.00000000   ,                     -0.124282                     
   -4.500000    ,   -0.500000    ,   0.5000000    ,   1.0000000    ,   0.00000000   ,   0.00000000   ,   0.00000000   ,                     -0.124282                     
   -4.500000    ,   -0.500000    ,   1.5000000    ,   1.0000000    ,   0.00000000   ,   0.00000000   ,   0.00000000   ,                     -0.124174                     
   -4.500000    ,   -0.500000    ,   2.5000000    ,   1.0000000    ,   0.00000000   ,   0.00000000   ,   0.00000000   ,                     -0.123495                     
   -4.500000    ,   -0.500000    ,   3.5000000    ,   1.0000000    ,   0.00000000   ,   0.00000000   ,   0.00000000   ,                     -0.123387                     
   -4.500000    ,   -0.500000    ,   4.5000000    ,   1.0000000    ,   0.00000000   ,   0.00000000   ,   0.00000000   ,                     -0.123047                     
   -4.500000    ,   0.5000000    ,   -4.500000    ,   1.0000000    ,   0.00000000   ,   0.00000000   ,   0.00000000   ,                     -0.123047                     
   -4.500000    ,   0.5000000    ,   -3.500000    ,   1.0000000    ,   0.00000000   ,   0.00000000   ,   0.00000000   ,                     -0.123387                     
   -4.500000    ,   0.5000000    ,   -2.500000    ,   1.0000000    ,   0.00000000   ,   0.00000000   ,   0.00000000   ,                     -0.123495                     
   -4.500000    ,   0.5000000    ,   -1.500000    ,   1.0000000    ,   0.00000000   ,   0.00000000   ,   0.00000000   ,                     -0.124174                     
   -4.500000    ,   0.5000000    ,   -0.500000    ,   1.0000000    ,   0.00000000   ,   0.00000000   ,   0.00000000   ,                     -0.124282                     
   -4.500000    ,   0.5000000    ,   0.5000000    ,   1.0000000    ,   0.00000000   ,   0.00000000   ,   0.00000000   ,                     -0.124282                     
   -4.500000    ,   0.5000000    ,   1.5000000    ,   1.0000000    ,   0.00000000   ,   0.00000000   ,   0.00000000   ,                     -0.124174                     
   -4.500000    ,   0.5000000    ,   2.5000000    ,   1.0000000    ,   0.00000000   ,   0.00000000   ,   0.00000000   ,                     -0.123495                     
   -4.500000    ,   0.5000000    ,   3.5000000    ,   1.0000000    ,   0.00000000   ,   0.00000000   ,   0.00000000   ,                     -0.123387                     
   -4.500000    ,   0.5000000    ,   4.5000000    ,   1.0000000    ,   0.00000000   ,   0.00000000   ,   0.00000000   ,                     -0.123047                     
   -4.500000    ,   1.5000000    ,   -4.500000    ,   1.0000000    ,   0.00000000   ,   0.00000000   ,   0.00000000   ,                     -0.123047                     
   -4.500000    ,   1.5000000    ,   -3.500000    ,   1.0000000    ,   0.00000000   ,   0.00000000   ,   0.00000000   ,                     -0.123311                     
   -4.500000    ,   1.5000000    ,   -2.500000    ,   1.0000000    ,   0.00000000   ,   0.00000000   ,   0.00000000   ,                     -0.123387                     
   -4.500000    ,   1.5000000    ,   -1.500000    ,   1.0000000    ,   0.00000000   ,   0.00000000   ,   0.00000000   ,                     -0.123914                     
   -4.500000    ,   1.5000000    ,   -0.500000    ,   1.0000000    ,   0.00000000   ,   0.00000000   ,   0.00000000   ,                     -0.123990                     
   -4.500000    ,   1.5000000    ,   0.5000000    ,   1.0000000    ,   0.00000000   ,   0.00000000   ,   0.00000000   ,                     -0.123990                     
   -4.500000    ,   1.5000000    ,   1.5000000    ,   1.0000000    ,   0.00000000   ,   0.00000000   ,   0.00000000   ,                     -0.123914                     
   -4.500000    ,   1.5000000    ,   2.5000000    ,   1.0000000    ,   0.00000000   ,   0.00000000   ,   0.00000000   ,                     -0.123387                     
   -4.500000    ,   1.5000000    ,   3.5000000    ,   1.0000000    ,   0.00000000   ,   0.00000000   ,   0.00000000   ,                     -0.123311                     
   -4.500000    ,   1.5000000    ,   4.5000000    ,   1.0000000    ,   0.00000000   ,   0.00000000   ,   0.00000000   ,                     -0.123047                     
   -4.500000    ,   2.5000000    ,   -4.500000    ,   1.0000000    ,   0.00000000   ,   0.00000000   ,   0.00000000   ,                     -0.123047                     
   -4.500000    ,   2.5000000    ,   -3.500000    ,   1.0000000    ,   0.00000000   ,   0.00000000   ,   0.00000000   ,                     -0.123047                     
   -4.500000    ,   2.5000000    ,   -2.500000    ,   1.0000000    ,   0.00000000   ,   0.00000000   ,   0.00000000   ,                     -0.123047                     
   -4.500000    ,   2.5000000    ,   -1.500000    ,   1.0000000    ,   0.00000000   ,   0.00000000   ,   0.00000000   ,                     -0.123047                     
   -4.500000    ,   2.5000000    ,   -0.500000    ,   1.0000000    ,   0.00000000   ,   0.00000000   ,   0.00000000   ,                     -0.123047                     
   -4.500000    ,   2.5000000    ,   0.5000000    ,   1.0000000    ,   0.00000000   ,   0.00000000   ,   0.00000000   ,                     -0.123047                     
   -4.500000    ,   2.5000000    ,   1.5000000    ,   1.0000000    ,   0.00000000   ,   0.00000000   ,   0.00000000   ,                     -0.123047                     
   -4.500000    ,   2.5000000    ,   2.5000000    ,   1.0000000    ,   0.00000000   ,   0.00000000   ,   0.00000000   ,                     -0.123047                     
   -4.500000    ,   2.5000000    ,   3.5000000    ,   1.0000000    ,   0.00000000   ,   0.00000000   ,   0.00000000   ,                     -0.123047                     
   -4.500000    ,   2.5000000    ,   4.5000000    ,   1.0000000    ,   0.00000000   ,   0.00000000   ,   0.00000000   ,                     -0.123047                     
   -4.500000    ,   3.5000000    ,   -4.500000    ,   1.0000000    ,   0.00000000   ,   0.00000000   ,   0.00000000   ,                     -0.123047                     
   -4.500000    ,   3.5000000    ,   -3.500000    ,   1.0000000    ,   0.00000000   ,   0.00000000   ,   0.00000000   ,                     -0.123047                     
   -4.500000    ,   3.5000000    ,   -2.500000    ,   1.0000000    ,   0.00000000   ,   0.00000000   ,   0.00000000   ,                     -0.123047                     
   -4.500000    ,   3.5000000    ,   -1.500000    ,   1.0000000    ,   0.00000000   ,   0.00000000   ,   0.00000000   ,                     -0.123047                     
   -4.500000    ,   3.5000000    ,   -0.500000    ,   1.0000000    ,   0.00000000   ,   0.00000000   ,   0.00000000   ,                     -0.123047                     
   -4.500000    ,   3.5000000    ,   0.5000000    ,   1.0000000    ,   0.00000000   ,   0.00000000   ,   0.00000000   ,                     -0.123047                     
   -4.500000    ,   3.5000000    ,   1.5000000    ,   1.0000000    ,   0.00000000   ,   0.00000000   ,   0.00000000   ,                     -0.123047                     
   -4.500000    ,   3.5000000    ,   2.5000000    ,   1.0000000    ,   0.00000000   ,   0.00000000   ,   0.00000000   ,                     -0.123047                     
   -4.500000    ,   3.5000000    ,   3.5000000    ,   1.0000000    ,   0.00000000   ,   0.00000000   ,   0.00000000   ,                     -0.123047                     
   -4.500000    ,   3.5000000    ,   4.5000000    ,   1.0000000    ,   0.00000000   ,   0.00000000   ,   0.00000000   ,                     -0.123047                     
   -4.500000    ,   4.5000000    ,   -4.500000    ,   1.0000000    ,   0.00000000   ,   0.00000000   ,   0.00000000   ,                     -0.123047                     
   -4.500000    ,   4.5000000    ,   -3.500000    ,   1.0000000    ,   0.00000000   ,   0.00000000   ,   0.00000000   ,                     -0.123047                     
   -4.500000    ,   4.5000000    ,   -2.500000    ,   1.0000000    ,   0.00000000   ,   0.00000000   ,   0.00000000   ,                     -0.123047                     
   -4.500000    ,   4.5000000    ,   -1.500000    ,   1.0000000    ,   0.00000000   ,   0.00000000   ,   0.00000000   ,                     -0.123047                     
   -4.500000    ,   4.5000000    ,   -0.500000    ,   1.0000000    ,   0.00000000   ,   0.00000000   ,   0.00000000   ,                     -0.123047                     
   -4.500000    ,   4.5000000    ,   0.5000000    ,   1.0000000    ,   0.00000000   ,   0.00000000   ,   0.00000000   ,                     -0.123047                     
   -4.500000    ,   4.5000000    ,   1.5000000    ,   1.0000000    ,   0.00000000   ,   0.00000000   ,   0.00000000   ,                     -0.123047                     
   -4.500000    ,   4.5000000    ,   2.5000000    ,   1.0000000    ,   0.00000000   ,   0.00000000   ,   0.00000000   ,                     -0.123047                     
   -4.500000    ,   4.5000000    ,   3.5000000    ,   1.0000000    ,   0.00000000   ,   0.00000000   ,   0.00000000   ,                     -0.123047                     
   -4.500000    ,   4.5000000    ,   4.5000000    ,   1.0000000    ,   0.00000000   ,   0.00000000   ,   0.00000000   ,                     -0.123047                     
   -3.500000    ,   -4.500000    ,   -4.500000    ,   1.0000000    ,   0.00000000   ,   0.00000000   ,   0.00000000   ,                     -0.123047                     
   -3.500000    ,   -4.500000    ,   -3.500000    ,   1.0000000    ,   0.00000000   ,   0.00000000   ,   0.00000000   ,                     -0.123047                     
   -3.500000    ,   -4.500000    ,   -2.500000    ,   1.0000000    ,   0.00000000   ,   0.00000000   ,   0.00000000   ,                     -0.123047                     
   -3.500000    ,   -4.500000    ,   -1.500000    ,   1.0000000    ,   0.00000000   ,   0.00000000   ,   0.00000000   ,                     -0.123047                     
   -3.500000    ,   -4.500000    ,   -0.500000    ,   1.0000000    ,   0.00000000   ,   0.00000000   ,   0.00000000   ,                     -0.123047                     
   -3.500000    ,   -4.500000    ,   0.5000000    ,   1.0000000    ,   0.00000000   ,   0.00000000   ,   0.00000000   ,                     -0.123047                     
   -3.500000    ,   -4.500000    ,   1.5000000    ,   1.0000000    ,   0.00000000   ,   0.00000000   ,   0.00000000   ,                     -0.123047                     
   -3.500000    ,   -4.500000    ,   2.5000000    ,   1.0000000    ,   0.00000000   ,   0.00000000   ,   0.00000000   ,                     -0.123047                     
   -3.500000    ,   -4.500000    ,   3.5000000    ,   1.0000000    ,   0.00000000   ,   0.00000000   ,   0.00000000   ,                     -0.123047                     
   -3.500000    ,   -4.500000    ,   4.5000000    ,   1.0000000    ,   0.00000000   ,   0.00000000   ,   0.00000000   ,                     -0.123047                     
   -3.500000    ,   -3.500000    ,   -4.500000    ,   1.0000000    ,   0.00000000   ,   0.00000000   ,   0.00000000   ,                     -0.123047                     
   -3.500000    ,   -3.500000    ,   -3.500000    ,   1.0000000    ,   0.00000000   ,   0.00000000   ,   0.00000000   ,                     -0.123047                     
   -3.500000    ,   -3.500000    ,   -2.500000    ,   1.0000000    ,   0.00000000   ,   0.00000000   ,   0.00000000   ,                     -0.123311                     
   -3.500000    ,   -3.500000    ,   -1.500000    ,   1.0000000    ,   0.00000000   ,   0.00000000   ,   0.00000000   ,                     -0.123311                     
   -3.500000    ,   -3.500000    ,   -0.500000    ,   1.0000000    ,   0.00000000   ,   0.00000000   ,   0.00000000   ,                     -0.123575                     
   -3.500000    ,   -3.500000    ,   0.5000000    ,   1.0000000    ,   0.00000000   ,   0.00000000   ,   0.00000000   ,                     -0.123575                     
   -3.500000    ,   -3.500000    ,   1.5000000    ,   1.0000000    ,   0.00000000   ,   0.00000000   ,   0.00000000   ,                     -0.123311                     
   -3.500000    ,   -3.500000    ,   2.5000000    ,   1.0000000    ,   0.00000000   ,   0.00000000   ,   0.00000000   ,                     -0.123311                     
   -3.500000    ,   -3.500000    ,   3.5000000    ,   1.0000000    ,   0.00000000   ,   0.00000000   ,   0.00000000   ,                     -0.123047                     
   -3.500000    ,   -3.500000    ,   4.5000000    ,   1.0000000    ,   0.00000000   ,   0.00000000   ,   0.00000000   ,                     -0.123047                     
   -3.500000    ,   -2.500000    ,   -4.500000    ,   1.0000000    ,   0.00000000   ,   0.00000000   ,   0.00000000   ,                     -0.123311                     
   -3.500000    ,   -2.500000    ,   -3.500000    ,   1.0000000    ,   0.00000000   ,   0.00000000   ,   0.00000000   ,                     -0.123495                     
   -3.500000    ,   -2.500000    ,   -2.500000    ,   1.0000000    ,   0.00000000   ,   0.00000000   ,   0.00000000   ,                     -0.124181                     
   -3.500000    ,   -2.500000    ,   -1.500000    ,   1.0000000    ,   0.00000000   ,   0.00000000   ,   0.00000000   ,                     -0.124549                     
   -3.500000    ,   -2.500000    ,   -0.500000    ,   1.0000000    ,   0.00000000   ,   0.00000000   ,   0.00000000   ,                     -0.124972                     
   -3.500000    ,   -2.500000    ,   0.5000000    ,   1.0000000    ,   0.00000000   ,   0.00000000   ,   0.00000000   ,                     -0.124972                     
   -3.500000    ,   -2.500000    ,   1.5000000    ,   1.0000000    ,   0.00000000   ,   0.00000000   ,   0.00000000   ,                     -0.124549                     
   -3.500000    ,   -2.500000    ,   2.5000000    ,   1.0000000    ,   0.00000000   ,   0.00000000   ,   0.00000000   ,                     -0.124181                     
   -3.500000    ,   -2.500000    ,   3.5000000    ,   1.0000000    ,   0.00000000   ,   0.00000000   ,   0.00000000   ,                     -0.123495                     
   -3.500000    ,   -2.500000    ,   4.5000000    ,   1.0000000    ,   0.00000000   ,   0.00000000   ,   0.00000000   ,                     -0.123311                     
   -3.500000    ,   -1.500000    ,   -4.500000    ,   1.0000000    ,   0.00000000   ,   0.00000000   ,   0.00000000   ,                     -0.123495                     
   -3.500000    ,   -1.500000    ,   -3.500000    ,   1.0000000    ,   0.00000000   ,   0.00000000   ,   0.00000000   ,                     -0.123898                     
   -3.500000    ,   -1.500000    ,   -2.500000    ,   1.0000000    ,   0.00000000   ,   0.00000000   ,   0.00000000   ,                     -0.125188                     
   -3.500000    ,   -1.500000    ,   -1.500000    ,   1.0000000    ,   0.00000000   ,   0.00000000   ,   0.00000000   ,                     -0.125995                     
   -3.500000    ,   -1.500000    ,   -0.500000    ,   1.0000000    ,   0.00000000   ,   0.00000000   ,   0.00000000   ,                     -0.126838                     
   -3.500000    ,   -1.500000    ,   0.5000000    ,   1.0000000    ,   0.00000000   ,   0.00000000   ,   0.00000000   ,                     -0.126838                     
   -3.500000    ,   -1.500000    ,   1.5000000    ,   1.0000000    ,   0.00000000   ,   0.00000000   ,   0.00000000   ,                     -0.125995                     
   -3.500000    ,   -1.500000    ,   2.5000000    ,   1.0000000    ,   0.00000000   ,   0.00000000   ,   0.00000000   ,                     -0.125188                     
   -3.500000    ,   -1.500000    ,   3.5000000    ,   1.0000000    ,   0.00000000   ,   0.00000000   ,   0.00000000   ,                     -0.123898                     
   -3.500000    ,   -1.500000    ,   4.5000000    ,   1.0000000    ,   0.00000000   ,   0.00000000   ,   0.00000000   ,                     -0.123495                     
   -3.500000    ,   -0.500000    ,   -4.500000    ,   1.0000000    ,   0.00000000   ,   0.00000000   ,   0.00000000   ,                     -0.123654                     
   -3.500000    ,   -0.500000    ,   -3.500000    ,   1.0000000    ,   0.00000000   ,   0.00000000   ,   0.00000000   ,                     -0.124821                     
   -3.500000    ,   -0.500000    ,   -2.500000    ,   1.0000000    ,   0.00000000   ,   0.00000000   ,   0.00000000   ,                     -0.126189                     
   -3.500000    ,   -0.500000    ,   -1.500000    ,   1.0000000    ,   0.00000000   ,   0.00000000   ,   0.00000000   ,                     -0.127732                     
   -3.500000    ,   -0.500000    ,   -0.500000    ,   1.0000000    ,   0.00000000   ,   0.00000000   ,   0.00000000   ,                     -0.128758                     
   -3.500000    ,   -0.500000    ,   0.5000000    ,   1.0000000    ,   0.00000000   ,   0.00000000   ,   0.00000000   ,                     -0.128758                     
   -3.500000    ,   -0.500000    ,   1.5000000    ,   1.0000000    ,   0.00000000   ,   0.00000000   ,   0.00000000   ,                     -0.127732                     
   -3.500000    ,   -0.500000    ,   2.5000000    ,   1.0000000    ,   0.00000000   ,   0.00000000   ,   0.00000000   ,                     -0.126189                     
   -3.500000    ,   -0.500000    ,   3.5000000    ,   1.0000000    ,   0.00000000   ,   0.00000000   ,   0.00000000   ,                     -0.124821                     
   -3.500000    ,   -0.500000    ,   4.5000000    ,   1.0000000    ,   0.00000000   ,   0.00000000   ,   0.00000000   ,                     -0.123654                     
   -3.500000    ,   0.5000000    ,   -4.500000    ,   1.0000000    ,   0.00000000   ,   0.00000000   ,   0.00000000   ,                     -0.123654                     
   -3.500000    ,   0.5000000    ,   -3.500000    ,   1.0000000    ,   0.00000000   ,   0.00000000   ,   0.00000000   ,                     -0.124821                     
   -3.500000    ,   0.5000000    ,   -2.500000    ,   1.0000000    ,   0.00000000   ,   0.00000000   ,   0.00000000   ,                     -0.126189                     
   -3.500000    ,   0.5000000    ,   -1.500000    ,   1.0000000    ,   0.00000000   ,   0.00000000   ,   0.00000000   ,                     -0.127732                     
   -3.500000    ,   0.5000000    ,   -0.500000    ,   1.0000000    ,   0.00000000   ,   0.00000000   ,   0.00000000   ,                     -0.128758                     
   -3.500000    ,   0.5000000    ,   0.5000000    ,   1.0000000    ,   0.00000000   ,   0.00000000   ,   0.00000000   ,                     -0.128758                     
   -3.500000    ,   0.5000000    ,   1.5000000    ,   1.0000000    ,   0.00000000   ,   0.00000000   ,   0.00000000   ,                     -0.127732                     
   -3.500000    ,   0.5000000    ,   2.5000000    ,   1.0000000    ,   0.00000000   ,   0.00000000   ,   0.00000000   ,                     -0.126189                     
   -3.500000    ,   0.5000000    ,   3.5000000    ,   1.0000000    ,   0.00000000   ,   0.00000000   ,   0.00000000   ,                     -0.124821                     
   -3.500000    ,   0.5000000    ,   4.5000000    ,   1.0000000    ,   0.00000000   ,   0.00000000   ,   0.00000000   ,                     -0.123654                     
   -3.500000    ,   1.5000000    ,   -4.500000    ,   1.0000000    ,   0.00000000   ,   0.00000000   ,   0.00000000   ,                     -0.123495                     
   -3.500000    ,   1.5000000    ,   -3.500000    ,   1.0000000    ,   0.00000000   ,   0.00000000   ,   0.00000000   ,                     -0.123898                     
   -3.500000    ,   1.5000000    ,   -2.500000    ,   1.0000000    ,   0.00000000   ,   0.00000000   ,   0.00000000   ,                     -0.125188                     
   -3.500000    ,   1.5000000    ,   -1.500000    ,   1.0000000    ,   0.00000000   ,   0.00000000   ,   0.00000000   ,                     -0.125995                     
   -3.500000    ,   1.5000000    ,   -0.500000    ,   1.0000000    ,   0.00000000   ,   0.00000000   ,   0.00000000   ,                     -0.126838                     
   -3.500000    ,   1.5000000    ,   0.5000000    ,   1.0000000    ,   0.00000000   ,   0.00000000   ,   0.00000000   ,                     -0.126838                     
   -3.500000    ,   1.5000000    ,   1.5000000    ,   1.0000000    ,   0.00000000   ,   0.00000000   ,   0.00000000   ,                     -0.125995                     
   -3.500000    ,   1.5000000    ,   2.5000000    ,   1.0000000    ,   0.00000000   ,   0.00000000   ,   0.00000000   ,                     -0.125188                     
   -3.500000    ,   1.5000000    ,   3.5000000    ,   1.0000000    ,   0.00000000   ,   0.00000000   ,   0.00000000   ,                     -0.123898                     
   -3.500000    ,   1.5000000    ,   4.5000000    ,   1.0000000    ,   0.00000000   ,   0.00000000   ,   0.00000000   ,                     -0.123495                     
   -3.500000    ,   2.5000000    ,   -4.500000    ,   1.0000000    ,   0.00000000   ,   0.00000000   ,   0.00000000   ,                     -0.123311                     
   -3.500000    ,   2.5000000    ,   -3.500000    ,   1.0000000    ,   0.00000000   ,   0.00000000   ,   0.00000000   ,                     -0.123495                     
   -3.500000    ,   2.5000000    ,   -2.500000    ,   1.0000000    ,   0.00000000   ,   0.00000000   ,   0.00000000   ,                     -0.124181                     
   -3.500000    ,   2.5000000    ,   -1.500000    ,   1.0000000    ,   0.00000000   ,   0.00000000   ,   0.00000000   ,                     -0.124549                     
   -3.500000    ,   2.5000000    ,   -0.500000    ,   1.0000000    ,   0.00000000   ,   0.00000000   ,   0.00000000   ,                     -0.124972                     
   -3.500000    ,   2.5000000    ,   0.5000000    ,   1.0000000    ,   0.00000000   ,   0.00000000   ,   0.00000000   ,                     -0.124972                     
   -3.500000    ,   2.5000000    ,   1.5000000    ,   1.0000000    ,   0.00000000   ,   0.00000000   ,   0.00000000   ,                     -0.124549                     
   -3.500000    ,   2.5000000    ,   2.5000000    ,   1.0000000    ,   0.00000000   ,   0.00000000   ,   0.00000000   ,                     -0.124181                     
   -3.500000    ,   2.5000000    ,   3.5000000    ,   1.0000000    ,   0.00000000   ,   0.00000000   ,   0.00000000   ,                     -0.123495                     
   -3.500000    ,   2.5000000    ,   4.5000000    ,   1.0000000    ,   0.00000000   ,   0.00000000   ,   0.00000000   ,                     -0.123311                     
   -3.500000    ,   3.5000000    ,   -4.500000    ,   1.0000000    ,   0.00000000   ,   0.00000000   ,   0.00000000   ,                     -0.123047                     
   -3.500000    ,   3.5000000    ,   -3.500000    ,   1.0000000    ,   0.00000000   ,   0.00000000   ,   0.00000000   ,                     -0.123047                     
   -3.500000    ,   3.5000000    ,   -2.500000    ,   1.0000000    ,   0.00000000   ,   0.00000000   ,   0.00000000   ,                     -0.123311                     
   -3.500000    ,   3.5000000    ,   -1.500000    ,   1.0000000    ,   0.00000000   ,   0.00000000   ,   0.00000000   ,                     -0.123311                     
   -3.500000    ,   3.5000000    ,   -0.500000    ,   1.0000000    ,   0.00000000   ,   0.00000000   ,   0.00000000   ,                     -0.123575                     
   -3.500000    ,   3.5000000    ,   0.5000000    ,   1.0000000    ,   0.00000000   ,   0.00000000   ,   0.00000000   ,                     -0.123575                     
   -3.500000    ,   3.5000000    ,   1.5000000    ,   1.0000000    ,   0.00000000   ,   0.00000000   ,   0.00000000   ,                     -0.123311                     
   -3.500000    ,   3.5000000    ,   2.5000000    ,   1.0000000    ,   0.00000000   ,   0.00000000   ,   0.00000000   ,                     -0.123311                     
   -3.500000    ,   3.5000000    ,   3.5000000    ,   1.0000000    ,   0.00000000   ,   0.00000000   ,   0.00000000   ,                     -0.123047                     
   -3.500000    ,   3.5000000    ,   4.5000000    ,   1.0000000    ,   0.00000000   ,   0.00000000   ,   0.00000000   ,                     -0.123047                     
   -3.500000    ,   4.5000000    ,   -4.500000    ,   1.0000000    ,   0.00000000   ,   0.00000000   ,   0.00000000   ,                     -0.123047                     
   -3.500000    ,   4.5000000    ,   -3.500000    ,   1.0000000    ,   0.00000000   ,   0.00000000   ,   0.00000000   ,                     -0.123047                     
   -3.500000    ,   4.5000000    ,   -2.500000    ,   1.0000000    ,   0.00000000   ,   0.00000000   ,   0.00000000   ,                     -0.123047                     
   -3.500000    ,   4.5000000    ,   -1.500000    ,   1.0000000    ,   0.00000000   ,   0.00000000   ,   0.00000000   ,                     -0.123047                     
   -3.500000    ,   4.5000000    ,   -0.500000    ,   1.0000000    ,   0.00000000   ,   0.00000000   ,   0.00000000   ,                     -0.123047                     
   -3.500000    ,   4.5000000    ,   0.5000000    ,   1.0000000    ,   0.00000000   ,   0.00000000   ,   0.00000000   ,                     -0.123047                     
   -3.500000    ,   4.5000000    ,   1.5000000    ,   1.0000000    ,   0.00000000   ,   0.00000000   ,   0.00000000   ,                     -0.123047                     
   -3.500000    ,   4.5000000    ,   2.5000000    ,   1.0000000    ,   0.00000000   ,   0.00000000   ,   0.00000000   ,                     -0.123047                     
   -3.500000    ,   4.5000000    ,   3.5000000    ,   1.0000000    ,   0.00000000   ,   0.00000000   ,   0.00000000   ,                     -0.123047                     
   -3.500000    ,   4.5000000    ,   4.5000000    ,   1.0000000    ,   0.00000000   ,   0.00000000   ,   0.00000000   ,                     -0.123047                     
   -2.500000    ,   -4.500000    ,   -4.500000    ,   1.0000000    ,   0.00000000   ,   0.00000000   ,   0.00000000   ,                     -0.123047                     
   -2.500000    ,   -4.500000    ,   -3.500000    ,   1.0000000    ,   0.00000000   ,   0.00000000   ,   0.00000000   ,                     -0.123047                     
   -2.500000    ,   -4.500000    ,   -2.500000    ,   1.0000000    ,   0.00000000   ,   0.00000000   ,   0.00000000   ,                     -0.123047                     
   -2.500000    ,   -4.500000    ,   -1.500000    ,   1.0000000    ,   0.00000000   ,   0.00000000   ,   0.00000000   ,                     -0.123047                     
   -2.500000    ,   -4.500000    ,   -0.500000    ,   1.0000000    ,   0.00000000   ,   0.00000000   ,   0.00000000   ,                     -0.123047                     
   -2.500000    ,   -4.500000    ,   0.5000000    ,   1.0000000    ,   0.00000000   ,   0.00000000   ,   0.00000000   ,                     -0.123047                     
   -2.500000    ,   -4.500000    ,   1.5000000    ,   1.0000000    ,   0.00000000   ,   0.00000000   ,   0.00000000   ,                     -0.123047                     
   -2.500000    ,   -4.500000    ,   2.5000000    ,   1.0000000    ,   0.00000000   ,   0.00000000   ,   0.00000000   ,                     -0.123047                     
   -2.500000    ,   -4.500000    ,   3.5000000    ,   1.0000000    ,   0.00000000   ,   0.00000000   ,   0.00000000   ,                     -0.123047                     
   -2.500000    ,   -4.500000    ,   4.5000000    ,   1.0000000    ,   0.00000000   ,   0.00000000   ,   0.00000000   ,                     -0.123047                     
   -2.500000    ,   -3.500000    ,   -4.500000    ,   1.0000000    ,   0.00000000   ,   0.00000000   ,   0.00000000   ,                     -0.123311                     
   -2.500000    ,   -3.500000    ,   -3.500000    ,   1.0000000    ,   0.00000000   ,   0.00000000   ,   0.00000000   ,                     -0.123495                     
   -2.500000    ,   -3.500000    ,   -2.500000    ,   1.0000000    ,   0.00000000   ,   0.00000000   ,   0.00000000   ,                     -0.124181                     
   -2.500000    ,   -3.500000    ,   -1.500000    ,   1.0000000    ,   0.00000000   ,   0.00000000   ,   0.00000000   ,                     -0.124549                     
   -2.500000    ,   -3.500000    ,   -0.500000    ,   1.0000000    ,   0.00000000   ,   0.00000000   ,   0.00000000   ,                     -0.124972                     
   -2.500000    ,   -3.500000    ,   0.5000000    ,   1.0000000    ,   0.00000000   ,   0.00000000   ,   0.00000000   ,                     -0.124972                     
   -2.500000    ,   -3.500000    ,   1.5000000    ,   1.0000000    ,   0.00000000   ,   0.00000000   ,   0.00000000   ,                     -0.124549                     
   -2.500000    ,   -3.500000    ,   2.5000000    ,   1.0000000    ,   0.00000000   ,   0.00000000   ,   0.00000000   ,                     -0.124181                     
   -2.500000    ,   -3.500000    ,   3.5000000    ,   1.0000000    ,   0.00000000   ,   0.00000000   ,   0.00000000   ,                     -0.123495                     
   -2.500000    ,   -3.500000    ,   4.5000000    ,   1.0000000    ,   0.00000000   ,   0.00000000   ,   0.00000000   ,                     -0.123311                     
   -2.500000    ,   -2.500000    ,   -4.500000    ,   1.0000000    ,   0.00000000   ,   0.00000000   ,   0.00000000   ,                     -0.123654                     
   -2.500000    ,   -2.500000    ,   -3.500000    ,   1.0000000    ,   0.00000000   ,   0.00000000   ,   0.00000000   ,                     -0.124821                     
   -2.500000    ,   -2.500000    ,   -2.500000    ,   1.0000000    ,   0.00000000   ,   0.00000000   ,   0.00000000   ,                     -0.126189                     
   -2.500000    ,   -2.500000    ,   -1.500000    ,   1.0000000    ,   0.00000000   ,   0.00000000   ,   0.00000000   ,                     -0.127732                     
   -2.500000    ,   -2.500000    ,   -0.500000    ,   1.0000000    ,   0.00000000   ,   0.00000000   ,   0.00000000   ,                     -0.128758                     
   -2.500000    ,   -2.500000    ,   0.5000000    ,   1.0000000    ,   0.00000000   ,   0.00000000   ,   0.00000000   ,                     -0.128758                     
   -2.500000    ,   -2.500000    ,   1.5000000    ,   1.0000000    ,   0.00000000   ,   0.00000000   ,   0.00000000   ,                     -0.127732                     
   -2.500000    ,   -2.500000    ,   2.5000000    ,   1.0000000    ,   0.00000000   ,   0.00000000   ,   0.00000000   ,                     -0.126189                     
   -2.500000    ,   -2.500000    ,   3.5000000    ,   1.0000000    ,   0.00000000   ,   0.00000000   ,   0.00000000   ,                     -0.124821                     
   -2.500000    ,   -2.500000    ,   4.5000000    ,   1.0000000    ,   0.00000000   ,   0.00000000   ,   0.00000000   ,                     -0.123654                     
   -2.500000    ,   -1.500000    ,   -4.500000    ,   1.0000000    ,   0.00000000   ,   0.00000000   ,   0.00000000   ,                     -0.124293                     
   -2.500000    ,   -1.500000    ,   -3.500000    ,   1.0000000    ,   0.00000000   ,   0.00000000   ,   0.00000000   ,                     -0.127159                     
   -2.500000    ,   -1.500000    ,   -2.500000    ,   1.0000000    ,   0.00000000   ,   0.00000000   ,   0.00000000   ,                     -0.131501                     
   -2.500000    ,   -1.500000    ,   -1.500000    ,   1.0000000    ,   0.00000000   ,   0.00000000   ,   0.00000000   ,                     -0.135891                     
   -2.500000    ,   -1.500000    ,   -0.500000    ,   1.0000000    ,   0.00000000   ,   0.00000000   ,   0.00000000   ,                     -0.139434                     
   -2.500000    ,   -1.500000    ,   0.5000000    ,   1.0000000    ,   0.00000000   ,   0.00000000   ,   0.00000000   ,                     -0.139434                     
   -2.500000    ,   -1.500000    ,   1.5000000    ,   1.0000000    ,   0.00000000   ,   0.00000000   ,   0.00000000   ,                     -0.135891                     
   -2.500000    ,   -1.500000    ,   2.5000000    ,   1.0000000    ,   0.00000000   ,   0.00000000   ,   0.00000000   ,                     -0.131501                     
   -2.500000    ,   -1.500000    ,   3.5000000    ,   1.0000000    ,   0.00000000   ,   0.00000000   ,   0.00000000   ,                     -0.127159                     
   -2.500000    ,   -1.500000    ,   4.5000000    ,   1.0000000    ,   0.00000000   ,   0.00000000   ,   0.00000000   ,                     -0.124293                     
   -2.500000    ,   -0.500000    ,   -4.500000    ,   1.0000000    ,   0.00000000   ,   0.00000000   ,   0.00000000   ,                     -0.124976                     
   -2.500000    ,   -0.500000    ,   -3.500000    ,   1.0000000    ,   0.00000000   ,   0.00000000   ,   0.00000000   ,                     -0.130222                     
   -2.500000    ,   -0.500000    ,   -2.500000    ,   1.0000000    ,   0.00000000   ,   0.00000000   ,   0.00000000   ,                     -0.139869                     
   -2.500000    ,   -0.500000    ,   -1.500000    ,   1.0000000    ,   0.00000000   ,   0.00000000   ,   0.00000000   ,                     -0.148541                     
   -2.500000    ,   -0.500000    ,   -0.500000    ,   1.0000000    ,   0.00000000   ,   0.00000000   ,   0.00000000   ,                     -0.156865                     
   -2.500000    ,   -0.500000    ,   0.5000000    ,   1.0000000    ,   0.00000000   ,   0.00000000   ,   0.00000000   ,                     -0.156865                     
   -2.500000    ,   -0.500000    ,   1.5000000    ,   1.0000000    ,   0.00000000   ,   0.00000000   ,   0.00000000   ,                     -0.148541                     
   -2.500000    ,   -0.500000    ,   2.5000000    ,   1.0000000    ,   0.00000000   ,   0.00000000   ,   0.00000000   ,                     -0.139869                     
   -2.500000    ,   -0.500000    ,   3.5000000    ,   1.0000000    ,   0.00000000   ,   0.00000000   ,   0.00000000   ,                     -0.130222                     
   -2.500000    ,   -0.500000    ,   4.5000000    ,   1.0000000    ,   0.00000000   ,   0.00000000   ,   0.00000000   ,                     -0.124976                     
   -2.500000    ,   0.5000000    ,   -4.500000    ,   1.0000000    ,   0.00000000   ,   0.00000000   ,   0.00000000   ,                     -0.124976                     
   -2.500000    ,   0.5000000    ,   -3.500000    ,   1.0000000    ,   0.00000000   ,   0.00000000   ,   0.00000000   ,                     -0.130222                     
   -2.500000    ,   0.5000000    ,   -2.500000    ,   1.0000000    ,   0.00000000   ,   0.00000000   ,   0.00000000   ,                     -0.139869                     
   -2.500000    ,   0.5000000    ,   -1.500000    ,   1.0000000    ,   0.00000000   ,   0.00000000   ,   0.00000000   ,                     -0.148541                     
   -2.500000    ,   0.5000000    ,   -0.500000    ,   1.0000000    ,   0.00000000   ,   0.00000000   ,   0.00000000   ,                     -0.156865                     
   -2.500000    ,   0.5000000    ,   0.5000000    ,   1.0000000    ,   0.00000000   ,   0.00000000   ,   0.00000000   ,                     -0.156865                     
   -2.500000    ,   0.5000000    ,   1.5000000    ,   1.0000000    ,   0.00000000   ,   0.00000000   ,   0.00000000   ,                     -0.148541                     
   -2.500000    ,   0.5000000    ,   2.5000000    ,   1.0000000    ,   0.00000000   ,   0.00000000   ,   0.00000000   ,                     -0.139869                     
   -2.500000    ,   0.5000000    ,   3.5000000    ,   1.0000000    ,   0.00000000   ,   0.00000000   ,   0.00000000   ,                     -0.130222                     
   -2.500000    ,   0.5000000    ,   4.5000000    ,   1.0000000    ,   0.00000000   ,   0.00000000   ,   0.00000000   ,                     -0.124976                     
   -2.500000    ,   1.5000000    ,   -4.500000    ,   1.0000000    ,   0.00000000   ,   0.00000000   ,   0.00000000   ,                     -0.124293                     
   -2.500000    ,   1.5000000    ,   -3.500000    ,   1.0000000    ,   0.00000000   ,   0.00000000   ,   0.00000000   ,                     -0.127159                     
   -2.500000    ,   1.5000000    ,   -2.500000    ,   1.0000000    ,   0.00000000   ,   0.00000000   ,   0.00000000   ,                     -0.131501                     
   -2.500000    ,   1.5000000    ,   -1.500000    ,   1.0000000    ,   0.00000000   ,   0.00000000   ,   0.00000000   ,                     -0.135891                     
   -2.500000    ,   1.5000000    ,   -0.500000    ,   1.0000000    ,   0.00000000   ,   0.00000000   ,   0.00000000   ,                     -0.139434                     
   -2.500000    ,   1.5000000    ,   0.5000000    ,   1.0000000    ,   0.00000000   ,   0.00000000   ,   0.00000000   ,                     -0.139434                     
   -2.500000    ,   1.5000000    ,   1.5000000    ,   1.0000000    ,   0.00000000   ,   0.00000000   ,   0.00000000   ,                     -0.135891                     
   -2.500000    ,   1.5000000    ,   2.5000000    ,   1.0000000    ,   0.00000000   ,   0.00000000   ,   0.00000000   ,                     -0.131501                     
   -2.500000    ,   1.5000000    ,   3.5000000    ,   1.0000000    ,   0.00000000   ,   0.00000000   ,   0.00000000   ,                     -0.127159                     
   -2.500000    ,   1.5000000    ,   4.5000000    ,   1.0000000    ,   0.00000000   ,   0.00000000   ,   0.00000000   ,                     -0.124293                     
   -2.500000    ,   2.5000000    ,   -4.500000    ,   1.0000000    ,   0.00000000   ,   0.00000000   ,   0.00000000   ,                     -0.123654                     
   -2.500000    ,   2.5000000    ,   -3.500000    ,   1.0000000    ,   0.00000000   ,   0.00000000   ,   0.00000000   ,                     -0.124821                     
   -2.500000    ,   2.5000000    ,   -2.500000    ,   1.0000000    ,   0.00000000   ,   0.00000000   ,   0.00000000   ,                     -0.126189                     
   -2.500000    ,   2.5000000    ,   -1.500000    ,   1.0000000    ,   0.00000000   ,   0.00000000   ,   0.00000000   ,                     -0.127732                     
   -2.500000    ,   2.5000000    ,   -0.500000    ,   1.0000000    ,   0.00000000   ,   0.00000000   ,   0.00000000   ,                     -0.128758                     
   -2.500000    ,   2.5000000    ,   0.5000000    ,   1.0000000    ,   0.00000000   ,   0.00000000   ,   0.00000000   ,                     -0.128758                     
   -2.500000    ,   2.5000000    ,   1.5000000    ,   1.0000000    ,   0.00000000   ,   0.00000000   ,   0.00000000   ,                     -0.127732                     
   -2.500000    ,   2.5000000    ,   2.5000000    ,   1.0000000    ,   0.00000000   ,   0.00000000   ,   0.00000000   ,                     -0.126189                     
   -2.500000    ,   2.5000000    ,   3.5000000    ,   1.0000000    ,   0.00000000   ,   0.00000000   ,   0.00000000   ,                     -0.124821                     
   -2.500000    ,   2.5000000    ,   4.5000000    ,   1.0000000    ,   0.00000000   ,   0.00000000   ,   0.00000000   ,                     -0.123654                     
   -2.500000    ,   3.5000000    ,   -4.500000    ,   1.0000000    ,   0.00000000   ,   0.00000000   ,   0.00000000   ,                     -0.123311                     
   -2.500000    ,   3.5000000    ,   -3.500000    ,   1.0000000    ,   0.00000000   ,   0.00000000   ,   0.00000000   ,                     -0.123495                     
   -2.500000    ,   3.5000000    ,   -2.500000    ,   1.0000000    ,   0.00000000   ,   0.00000000   ,   0.00000000   ,                     -0.124181                     
   -2.500000    ,   3.5000000    ,   -1.500000    ,   1.0000000    ,   0.00000000   ,   0.00000000   ,   0.00000000   ,                     -0.124549                     
   -2.500000    ,   3.5000000    ,   -0.500000    ,   1.0000000    ,   0.00000000   ,   0.00000000   ,   0.00000000   ,                     -0.124972                     
   -2.500000    ,   3.5000000    ,   0.5000000    ,   1.0000000    ,   0.00000000   ,   0.00000000   ,   0.00000000   ,                     -0.124972                     
   -2.500000    ,   3.5000000    ,   1.5000000    ,   1.0000000    ,   0.00000000   ,   0.00000000   ,   0.00000000   ,                     -0.124549                     
   -2.500000    ,   3.5000000    ,   2.5000000    ,   1.0000000    ,   0.00000000   ,   0.00000000   ,   0.00000000   ,                     -0.124181                     
   -2.500000    ,   3.5000000    ,   3.5000000    ,   1.0000000    ,   0.00000000   ,   0.00000000   ,   0.00000000   ,                     -0.123495                     
   -2.500000    ,   3.5000000    ,   4.5000000    ,   1.0000000    ,   0.00000000   ,   0.00000000   ,   0.00000000   ,                     -0.123311                     
   -2.500000    ,   4.5000000    ,   -4.500000    ,   1.0000000    ,   0.00000000   ,   0.00000000   ,   0.00000000   ,                     -0.123047                     
   -2.500000    ,   4.5000000    ,   -3.500000    ,   1.0000000    ,   0.00000000   ,   0.00000000   ,   0.00000000   ,                     -0.123047                     
   -2.500000    ,   4.5000000    ,   -2.500000    ,   1.0000000    ,   0.00000000   ,   0.00000000   ,   0.00000000   ,                     -0.123047                     
   -2.500000    ,   4.5000000    ,   -1.500000    ,   1.0000000    ,   0.00000000   ,   0.00000000   ,   0.00000000   ,                     -0.123047                     
   -2.500000    ,   4.5000000    ,   -0.500000    ,   1.0000000    ,   0.00000000   ,   0.00000000   ,   0.00000000   ,                     -0.123047                     
   -2.500000    ,   4.5000000    ,   0.5000000    ,   1.0000000    ,   0.00000000   ,   0.00000000   ,   0.00000000   ,                     -0.123047                     
   -2.500000    ,   4.5000000    ,   1.5000000    ,   1.0000000    ,   0.00000000   ,   0.00000000   ,   0.00000000   ,                     -0.123047                     
   -2.500000    ,   4.5000000    ,   2.5000000    ,   1.0000000    ,   0.00000000   ,   0.00000000   ,   0.00000000   ,                     -0.123047                     
   -2.500000    ,   4.5000000    ,   3.5000000    ,   1.0000000    ,   0.00000000   ,   0.00000000   ,   0.00000000   ,                     -0.123047                     
   -2.500000    ,   4.5000000    ,   4.5000000    ,   1.0000000    ,   0.00000000   ,   0.00000000   ,   0.00000000   ,                     -0.123047                     
   -1.500000    ,   -4.500000    ,   -4.500000    ,   1.0000000    ,   0.00000000   ,   0.00000000   ,   0.00000000   ,                     -0.123047                     
   -1.500000    ,   -4.500000    ,   -3.500000    ,   1.0000000    ,   0.00000000   ,   0.00000000   ,   0.00000000   ,                     -0.123311                     
   -1.500000    ,   -4.500000    ,   -2.500000    ,   1.0000000    ,   0.00000000   ,   0.00000000   ,   0.00000000   ,                     -0.123387                     
   -1.500000    ,   -4.500000    ,   -1.500000    ,   1.0000000    ,   0.00000000   ,   0.00000000   ,   0.00000000   ,                     -0.123914                     
   -1.500000    ,   -4.500000    ,   -0.500000    ,   1.0000000    ,   0.00000000   ,   0.00000000   ,   0.00000000   ,                     -0.123990                     
   -1.500000    ,   -4.500000    ,   0.5000000    ,   1.0000000    ,   0.00000000   ,   0.00000000   ,   0.00000000   ,                     -0.123990                     
   -1.500000    ,   -4.500000    ,   1.5000000    ,   1.0000000    ,   0.00000000   ,   0.00000000   ,   0.00000000   ,                     -0.123914                     
   -1.500000    ,   -4.500000    ,   2.5000000    ,   1.0000000    ,   0.00000000   ,   0.00000000   ,   0.00000000   ,                     -0.123387                     
   -1.500000    ,   -4.500000    ,   3.5000000    ,   1.0000000    ,   0.00000000   ,   0.00000000   ,   0.00000000   ,                     -0.123311                     
   -1.500000    ,   -4.500000    ,   4.5000000    ,   1.0000000    ,   0.00000000   ,   0.00000000   ,   0.00000000   ,                     -0.123047                     
   -1.500000    ,   -3.500000    ,   -4.500000    ,   1.0000000    ,   0.00000000   ,   0.00000000   ,   0.00000000   ,                     -0.123495                     
   -1.500000    ,   -3.500000    ,   -3.500000    ,   1.0000000    ,   0.00000000   ,   0.00000000   ,   0.00000000   ,                     -0.123898                     
   -1.500000    ,   -3.500000    ,   -2.500000    ,   1.0000000    ,   0.00000000   ,   0.00000000   ,   0.00000000   ,                     -0.125188                     
   -1.500000    ,   -3.500000    ,   -1.500000    ,   1.0000000    ,   0.00000000   ,   0.00000000   ,   0.00000000   ,                     -0.125995                     
   -1.500000    ,   -3.500000    ,   -0.500000    ,   1.0000000    ,   0.00000000   ,   0.00000000   ,   0.00000000   ,                     -0.126838                     
   -1.500000    ,   -3.500000    ,   0.5000000    ,   1.0000000    ,   0.00000000   ,   0.00000000   ,   0.00000000   ,                     -0.126838                     
   -1.500000    ,   -3.500000    ,   1.5000000    ,   1.0000000    ,   0.00000000   ,   0.00000000   ,   0.00000000   ,                     -0.125995                     
   -1.500000    ,   -3.500000    ,   2.5000000    ,   1.0000000    ,   0.00000000   ,   0.00000000   ,   0.00000000   ,                     -0.125188                     
   -1.500000    ,   -3.500000    ,   3.5000000    ,   1.0000000    ,   0.00000000   ,   0.00000000   ,   0.00000000   ,                     -0.123898                     
   -1.500000    ,   -3.500000    ,   4.5000000    ,   1.0000000    ,   0.00000000   ,   0.00000000   ,   0.00000000   ,                     -0.123495                     
   -1.500000    ,   -2.500000    ,   -4.500000    ,   1.0000000    ,   0.00000000   ,   0.00000000   ,   0.00000000   ,                     -0.124293                     
   -1.500000    ,   -2.500000    ,   -3.500000    ,   1.0000000    ,   0.00000000   ,   0.00000000   ,   0.00000000   ,                     -0.127159                     
   -1.500000    ,   -2.500000    ,   -2.500000    ,   1.0000000    ,   0.00000000   ,   0.00000000   ,   0.00000000   ,                     -0.131501                     
   -1.500000    ,   -2.500000    ,   -1.500000    ,   1.0000000    ,   0.00000000   ,   0.00000000   ,   0.00000000   ,                     -0.135891                     
   -1.500000    ,   -2.500000    ,   -0.500000    ,   1.0000000    ,   0.00000000   ,   0.00000000   ,   0.00000000   ,                     -0.139434                     
   -1.500000    ,   -2.500000    ,   0.5000000    ,   1.0000000    ,   0.00000000   ,   0.00000000   ,   0.00000000   ,                     -0.139434                     
   -1.500000    ,   -2.500000    ,   1.5000000    ,   1.0000000    ,   0.00000000   ,   0.00000000   ,   0.00000000   ,                     -0.135891                     
   -1.500000    ,   -2.500000    ,   2.5000000    ,   1.0000000    ,   0.00000000   ,   0.00000000   ,   0.00000000   ,                     -0.131501                     
   -1.500000    ,   -2.500000    ,   3.5000000    ,   1.0000000    ,   0.00000000   ,   0.00000000   ,   0.00000000   ,                     -0.127159                     
   -1.500000    ,   -2.500000    ,   4.5000000    ,   1.0000000    ,   0.00000000   ,   0.00000000   ,   0.00000000   ,                     -0.124293                     
   -1.500000    ,   -1.500000    ,   -4.500000    ,   1.0000000    ,   0.00000000   ,   0.00000000   ,   0.00000000   ,                     -0.126792                     
   -1.500000    ,   -1.500000    ,   -3.500000    ,   1.0000000    ,   0.00000000   ,   0.00000000   ,   0.00000000   ,                     -0.137713                     
   -1.500000    ,   -1.500000    ,   -2.500000    ,   1.0000000    ,   0.00000000   ,   0.00000000   ,   0.00000000   ,                     -0.166720                     
   -1.500000    ,   -1.500000    ,   -1.500000    ,   1.0000000    ,   0.00000000   ,   0.00000000   ,   0.00000000   ,                     -0.186801                     
   -1.500000    ,   -1.500000    ,   -0.500000    ,   1.0000000    ,   0.00000000   ,   0.00000000   ,   0.00000000   ,                     -0.213178                     
   -1.500000    ,   -1.500000    ,   0.5000000    ,   1.0000000    ,   0.00000000   ,   0.00000000   ,   0.00000000   ,                     -0.213178                     
   -1.500000    ,   -1.500000    ,   1.5000000    ,   1.0000000    ,   0.00000000   ,   0.00000000   ,   0.00000000   ,                     -0.186801                     
   -1.500000    ,   -1.500000    ,   2.5000000    ,   1.0000000    ,   0.00000000   ,   0.00000000   ,   0.00000000   ,                     -0.166720                     
   -1.500000    ,   -1.500000    ,   3.5000000    ,   1.0000000    ,   0.00000000   ,   0.00000000   ,   0.00000000   ,                     -0.137713                     
   -1.500000    ,   -1.500000    ,   4.5000000    ,   1.0000000    ,   0.00000000   ,   0.00000000   ,   0.00000000   ,                     -0.126792                     
   -1.500000    ,   -0.500000    ,   -4.500000    ,   1.0000000    ,   0.00000000   ,   0.00000000   ,   0.00000000   ,                     -0.129688                     
   -1.500000    ,   -0.500000    ,   -3.500000    ,   1.0000000    ,   0.00000000   ,   0.00000000   ,   0.00000000   ,                     -0.162514                     
   -1.500000    ,   -0.500000    ,   -2.500000    ,   1.0000000    ,   0.00000000   ,   0.00000000   ,   0.00000000   ,                     -0.318399                     
   -1.500000    ,   -0.500000    ,   -1.500000    ,   1.0000000    ,   0.00000000   ,   0.00000000   ,   0.00000000   ,                     -0.381331                     
   -1.500000    ,   -0.500000    ,   -0.500000    ,   1.0000000    ,   0.00000000   ,   0.00000000   ,   0.00000000   ,                     -0.532160                     
   -1.500000    ,   -0.500000    ,   0.5000000    ,   1.0000000    ,   0.00000000   ,   0.00000000   ,   0.00000000   ,                     -0.532160                     
   -1.500000    ,   -0.500000    ,   1.5000000    ,   1.0000000    ,   0.00000000   ,   0.00000000   ,   0.00000000   ,                     -0.381331                     
   -1.500000    ,   -0.500000    ,   2.5000000    ,   1.0000000    ,   0.00000000   ,   0.00000000   ,   0.00000000   ,                     -0.318399                     
   -1.500000    ,   -0.500000    ,   3.5000000    ,   1.0000000    ,   0.00000000   ,   0.00000000   ,   0.00000000   ,                     -0.162514                     
   -1.500000    ,   -0.500000    ,   4.5000000    ,   1.0000000    ,   0.00000000   ,   0.00000000   ,   0.00000000   ,                     -0.129688                     
   -1.500000    ,   0.5000000    ,   -4.500000    ,   1.0000000    ,   0.00000000   ,   0.00000000   ,   0.00000000   ,                     -0.129688                     
   -1.500000    ,   0.5000000    ,   -3.500000    ,   1.0000000    ,   0.00000000   ,   0.00000000   ,   0.00000000   ,                     -0.162514                     
   -1.500000    ,   0.5000000    ,   -2.500000    ,   1.0000000    ,   0.00000000   ,   0.00000000   ,   0.00000000   ,                     -0.318399                     
   -1.500000    ,   0.5000000    ,   -1.500000    ,   1.0000000    ,   0.00000000   ,   0.00000000   ,   0.00000000   ,                     -0.381331                     
   -1.500000    ,   0.5000000    ,   -0.500000    ,   1.0000000    ,   0.00000000   ,   0.00000000   ,   0.00000000   ,                     -0.532160                     
   -1.500000    ,   0.5000000    ,   0.5000000    ,   1.0000000    ,   0.00000000   ,   0.00000000   ,   0.00000000   ,                     -0.532160                     
   -1.500000    ,   0.5000000    ,   1.5000000    ,   1.0000000    ,   0.00000000   ,   0.00000000   ,   0.00000000   ,                     -0.381331                     
   -1.500000    ,   0.5000000    ,   2.5000000    ,   1.0000000    ,   0.00000000   ,   0.00000000   ,   0.00000000   ,                     -0.318399                     
   -1.500000    ,   0.5000000    ,   3.5000000    ,   1.0000000    ,   0.00000000   ,   0.00000000   ,   0.00000000   ,                     -0.162514                     
   -1.500000    ,   0.5000000    ,   4.5000000    ,   1.0000000    ,   0.00000000   ,   0.00000000   ,   0.00000000   ,                     -0.129688                     
   -1.500000    ,   1.5000000    ,   -4.500000    ,   1.0000000    ,   0.00000000   ,   0.00000000   ,   0.00000000   ,                     -0.126792                     
   -1.500000    ,   1.5000000    ,   -3.500000    ,   1.0000000    ,   0.00000000   ,   0.00000000   ,   0.00000000   ,                     -0.137713                     
   -1.500000    ,   1.5000000    ,   -2.500000    ,   1.0000000    ,   0.00000000   ,   0.00000000   ,   0.00000000   ,                     -0.166720                     
   -1.500000    ,   1.5000000    ,   -1.500000    ,   1.0000000    ,   0.00000000   ,   0.00000000   ,   0.00000000   ,                     -0.186801                     
   -1.500000    ,   1.5000000    ,   -0.500000    ,   1.0000000    ,   0.00000000   ,   0.00000000   ,   0.00000000   ,                     -0.213178                     
   -1.500000    ,   1.5000000    ,   0.5000000    ,   1.0000000    ,   0.00000000   ,   0.00000000   ,   0.00000000   ,                     -0.213178                     
   -1.500000    ,   1.5000000    ,   1.5000000    ,   1.0000000    ,   0.00000000   ,   0.00000000   ,   0.00000000   ,                     -0.186801                     
   -1.500000    ,   1.5000000    ,   2.5000000    ,   1.0000000    ,   0.00000000   ,   0.00000000   ,   0.00000000   ,                     -0.166720                     
   -1.500000    ,   1.5000000    ,   3.5000000    ,   1.0000000    ,   0.00000000   ,   0.00000000   ,   0.00000000   ,                     -0.137713                     
   -1.500000    ,   1.5000000    ,   4.5000000    ,   1.0000000    ,   0.00000000   ,   0.00000000   ,   0.00000000   ,                     -0.126792                     
   -1.500000    ,   2.5000000    ,   -4.500000    ,   1.0000000    ,   0.00000000   ,   0.00000000   ,   0.00000000   ,                     -0.124293                     
   -1.500000    ,   2.5000000    ,   -3.500000    ,   1.0000000    ,   0.00000000   ,   0.00000000   ,   0.00000000   ,                     -0.127159                     
   -1.500000    ,   2.5000000    ,   -2.500000    ,   1.0000000    ,   0.00000000   ,   0.00000000   ,   0.00000000   ,                     -0.131501                     
   -1.500000    ,   2.5000000    ,   -1.500000    ,   1.0000000    ,   0.00000000   ,   0.00000000   ,   0.00000000   ,                     -0.135891                     
   -1.500000    ,   2.5000000    ,   -0.500000    ,   1.0000000    ,   0.00000000   ,   0.00000000   ,   0.00000000   ,                     -0.139434                     
   -1.500000    ,   2.5000000    ,   0.5000000    ,   1.0000000    ,   0.00000000   ,   0.00000000   ,   0.00000000   ,                     -0.139434                     
   -1.500000    ,   2.5000000    ,   1.5000000    ,   1.0000000    ,   0.00000000   ,   0.00000000   ,   0.00000000   ,                     -0.135891                     
   -1.500000    ,   2.5000000    ,   2.5000000    ,   1.0000000    ,   0.00000000   ,   0.00000000   ,   0.00000000   ,                     -0.131501                     
   -1.500000    ,   2.5000000    ,   3.5000000    ,   1.0000000    ,   0.00000000   ,   0.00000000   ,   0.00000000   ,                     -0.127159                     
   -1.500000    ,   2.5000000    ,   4.5000000    ,   1.0000000    ,   0.00000000   ,   0.00000000   ,   0.00000000   ,                     -0.124293                     
   -1.500000    ,   3.5000000    ,   -4.500000    ,   1.0000000    ,   0.00000000   ,   0.00000000   ,   0.00000000   ,                     -0.123495                     
   -1.500000    ,   3.5000000    ,   -3.500000    ,   1.0000000    ,   0.00000000   ,   0.00000000   ,   0.00000000   ,                     -0.123898                     
   -1.500000    ,   3.5000000    ,   -2.500000    ,   1.0000000    ,   0.00000000   ,   0.00000000   ,   0.00000000   ,                     -0.125188                     
   -1.500000    ,   3.5000000    ,   -1.500000    ,   1.0000000    ,   0.00000000   ,   0.00000000   ,   0.00000000   ,                     -0.125995                     
   -1.500000    ,   3.5000000    ,   -0.500000    ,   1.0000000    ,   0.00000000   ,   0.00000000   ,   0.00000000   ,                     -0.126838                     
   -1.500000    ,   3.5000000    ,   0.5000000    ,   1.0000000    ,   0.00000000   ,   0.00000000   ,   0.00000000   ,                     -0.126838                     
   -1.500000    ,   3.5000000    ,   1.5000000    ,   1.0000000    ,   0.00000000   ,   0.00000000   ,   0.00000000   ,                     -0.125995                     
   -1.500000    ,   3.5000000    ,   2.5000000    ,   1.0000000    ,   0.00000000   ,   0.00000000   ,   0.00000000   ,                     -0.125188                     
   -1.500000    ,   3.5000000    ,   3.5000000    ,   1.0000000    ,   0.00000000   ,   0.00000000   ,   0.00000000   ,                     -0.123898                     
   -1.500000    ,   3.5000000    ,   4.5000000    ,   1.0000000    ,   0.00000000   ,   0.00000000   ,   0.00000000   ,                     -0.123495                     
   -1.500000    ,   4.5000000    ,   -4.500000    ,   1.0000000    ,   0.00000000   ,   0.00000000   ,   0.00000000   ,                     -0.123047                     
   -1.500000    ,   4.5000000    ,   -3.500000    ,   1.0000000    ,   0.00000000   ,   0.00000000   ,   0.00000000   ,                     -0.123311                     
   -1.500000    ,   4.5000000    ,   -2.500000    ,   1.0000000    ,   0.00000000   ,   0.00000000   ,   0.00000000   ,                     -0.123387                     
   -1.500000    ,   4.5000000    ,   -1.500000    ,   1.0000000    ,   0.00000000   ,   0.00000000   ,   0.00000000   ,                     -0.123914                     
   -1.500000    ,   4.5000000    ,   -0.500000    ,   1.0000000    ,   0.00000000   ,   0.00000000   ,   0.00000000   ,                     -0.123990                     
   -1.500000    ,   4.5000000    ,   0.5000000    ,   1.0000000    ,   0.00000000   ,   0.00000000   ,   0.00000000   ,                     -0.123990                     
   -1.500000    ,   4.5000000    ,   1.5000000    ,   1.0000000    ,   0.00000000   ,   0.00000000   ,   0.00000000   ,                     -0.123914                     
   -1.500000    ,   4.5000000    ,   2.5000000    ,   1.0000000    ,   0.00000000   ,   0.00000000   ,   0.00000000   ,                     -0.123387                     
   -1.500000    ,   4.5000000    ,   3.5000000    ,   1.0000000    ,   0.00000000   ,   0.00000000   ,   0.00000000   ,                     -0.123311                     
   -1.500000    ,   4.5000000    ,   4.5000000    ,   1.0000000    ,   0.00000000   ,   0.00000000   ,   0.00000000   ,                     -0.123047                     
   -0.500000    ,   -4.500000    ,   -4.500000    ,   1.0000000    ,   0.00000000   ,   0.00000000   ,   0.00000000   ,                     -0.123047                     
   -0.500000    ,   -4.500000    ,   -3.500000    ,   1.0000000    ,   0.00000000   ,   0.00000000   ,   0.00000000   ,                     -0.123387                     
   -0.500000    ,   -4.500000    ,   -2.500000    ,   1.0000000    ,   0.00000000   ,   0.00000000   ,   0.00000000   ,                     -0.123495                     
   -0.500000    ,   -4.500000    ,   -1.500000    ,   1.0000000    ,   0.00000000   ,   0.00000000   ,   0.00000000   ,                     -0.124174                     
   -0.500000    ,   -4.500000    ,   -0.500000    ,   1.0000000    ,   0.00000000   ,   0.00000000   ,   0.00000000   ,                     -0.124282                     
   -0.500000    ,   -4.500000    ,   0.5000000    ,   1.0000000    ,   0.00000000   ,   0.00000000   ,   0.00000000   ,                     -0.124282                     
   -0.500000    ,   -4.500000    ,   1.5000000    ,   1.0000000    ,   0.00000000   ,   0.00000000   ,   0.00000000   ,                     -0.124174                     
   -0.500000    ,   -4.500000    ,   2.5000000    ,   1.0000000    ,   0.00000000   ,   0.00000000   ,   0.00000000   ,                     -0.123495                     
   -0.500000    ,   -4.500000    ,   3.5000000    ,   1.0000000    ,   0.00000000   ,   0.00000000   ,   0.00000000   ,                     -0.123387                     
   -0.500000    ,   -4.500000    ,   4.5000000    ,   1.0000000    ,   0.00000000   ,   0.00000000   ,   0.00000000   ,                     -0.123047                     
   -0.500000    ,   -3.500000    ,   -4.500000    ,   1.0000000    ,   0.00000000   ,   0.00000000   ,   0.00000000   ,                     -0.123654                     
   -0.500000    ,   -3.500000    ,   -3.500000    ,   1.0000000    ,   0.00000000   ,   0.00000000   ,   0.00000000   ,                     -0.124821                     
   -0.500000    ,   -3.500000    ,   -2.500000    ,   1.0000000    ,   0.00000000   ,   0.00000000   ,   0.00000000   ,                     -0.126189                     
   -0.500000    ,   -3.500000    ,   -1.500000    ,   1.0000000    ,   0.00000000   ,   0.00000000   ,   0.00000000   ,                     -0.127732                     
   -0.500000    ,   -3.500000    ,   -0.500000    ,   1.0000000    ,   0.00000000   ,   0.00000000   ,   0.00000000   ,                     -0.128758                     
   -0.500000    ,   -3.500000    ,   0.5000000    ,   1.0000000    ,   0.00000000   ,   0.00000000   ,   0.00000000   ,                     -0.128758                     
   -0.500000    ,   -3.500000    ,   1.5000000    ,   1.0000000    ,   0.00000000   ,   0.00000000   ,   0.00000000   ,                     -0.127732                     
   -0.500000    ,   -3.500000    ,   2.5000000    ,   1.0000000    ,   0.00000000   ,   0.00000000   ,   0.00000000   ,                     -0.126189                     
   -0.500000    ,   -3.500000    ,   3.5000000    ,   1.0000000    ,   0.00000000   ,   0.00000000   ,   0.00000000   ,                     -0.124821                     
   -0.500000    ,   -3.500000    ,   4.5000000    ,   1.0000000    ,   0.00000000   ,   0.00000000   ,   0.00000000   ,                     -0.123654                     
   -0.500000    ,   -2.500000    ,   -4.500000    ,   1.0000000    ,   0.00000000   ,   0.00000000   ,   0.00000000   ,                     -0.124976                     
   -0.500000    ,   -2.500000    ,   -3.500000    ,   1.0000000    ,   0.00000000   ,   0.00000000   ,   0.00000000   ,                     -0.130222                     
   -0.500000    ,   -2.500000    ,   -2.500000    ,   1.0000000    ,   0.00000000   ,   0.00000000   ,   0.00000000   ,                     -0.139869                     
   -0.500000    ,   -2.500000    ,   -1.500000    ,   1.0000000    ,   0.00000000   ,   0.00000000   ,   0.00000000   ,                     -0.148541                     
   -0.500000    ,   -2.500000    ,   -0.500000    ,   1.0000000    ,   0.00000000   ,   0.00000000   ,   0.00000000   ,                     -0.156865                     
   -0.500000    ,   -2.500000    ,   0.5000000    ,   1.0000000    ,   0.00000000   ,   0.00000000   ,   0.00000000   ,                     -0.156865                     
   -0.500000    ,   -2.500000    ,   1.5000000    ,   1.0000000    ,   0.00000000   ,   0.00000000   ,   0.00000000   ,                     -0.148541                     
   -0.500000    ,   -2.500000    ,   2.5000000    ,   1.0000000    ,   0.00000000   ,   0.00000000   ,   0.00000000   ,                     -0.139869                     
   -0.500000    ,   -2.500000    ,   3.5000000    ,   1.0000000    ,   0.00000000   ,   0.00000000   ,   0.00000000   ,                     -0.130222                     
   -0.500000    ,   -2.500000    ,   4.5000000    ,   1.0000000    ,   0.00000000   ,   0.00000000   ,   0.00000000   ,                     -0.124976                     
   -0.500000    ,   -1.500000    ,   -4.500000    ,   1.0000000    ,   0.00000000   ,   0.00000000   ,   0.00000000   ,                     -0.129688                     
   -0.500000    ,   -1.500000    ,   -3.500000    ,   1.0000000    ,   0.00000000   ,   0.00000000   ,   0.00000000   ,                     -0.162514                     
   -0.500000    ,   -1.500000    ,   -2.500000    ,   1.0000000    ,   0.00000000   ,   0.00000000   ,   0.00000000   ,                     -0.318399                     
   -0.500000    ,   -1.500000    ,   -1.500000    ,   1.0000000    ,   0.00000000   ,   0.00000000   ,   0.00000000   ,                     -0.381331                     
   -0.500000    ,   -1.500000    ,   -0.500000    ,   1.0000000    ,   0.00000000   ,   0.00000000   ,   0.00000000   ,                     -0.532160                     
   -0.500000    ,   -1.500000    ,   0.5000000    ,   1.0000000    ,   0.00000000   ,   0.00000000   ,   0.00000000   ,                     -0.532160                     
   -0.500000    ,   -1.500000    ,   1.5000000    ,   1.0000000    ,   0.00000000   ,   0.00000000   ,   0.00000000   ,                     -0.381331                     
   -0.500000    ,   -1.500000    ,   2.5000000    ,   1.0000000    ,   0.00000000   ,   0.00000000   ,   0.00000000   ,                     -0.318399                     
   -0.500000    ,   -1.500000    ,   3.5000000    ,   1.0000000    ,   0.00000000   ,   0.00000000   ,   0.00000000   ,                     -0.162514                     
   -0.500000    ,   -1.500000    ,   4.5000000    ,   1.0000000    ,   0.00000000   ,   0.00000000   ,   0.00000000   ,                     -0.129688                     
   -0.500000    ,   -0.500000    ,   -4.500000    ,   1.0000000    ,   0.00000000   ,   0.00000000   ,   0.00000000   ,                     -0.136906                     
   -0.500000    ,   -0.500000    ,   -3.500000    ,   1.0000000    ,   0.00000000   ,   0.00000000   ,   0.00000000   ,                     -0.309993                     
   -0.500000    ,   -0.500000    ,   -2.500000    ,   1.0000000    ,   0.00000000   ,   0.00000000   ,   0.00000000   ,                     12.843719                     
   -0.500000    ,   -0.500000    ,   -1.500000    ,   1.0000000    ,   0.00000000   ,   0.00000000   ,   0.00000000   ,                     12.501989                     
   -0.500000    ,   -0.500000    ,   -0.500000    ,   1.0000000    ,   0.00000000   ,   0.00000000   ,   0.00000000   ,                     25.667184                     
   -0.500000    ,   -0.500000    ,   0.5000000    ,   1.0000000    ,   0.00000000   ,   0.00000000   ,   0.00000000   ,                     25.667184                     
   -0.500000    ,   -0.500000    ,   1.5000000    ,   1.0000000    ,   0.00000000   ,   0.00000000   ,   0.00000000   ,                     12.501989                     
   -0.500000    ,   -0.500000    ,   2.5000000    ,   1.0000000    ,   0.00000000   ,   0.00000000   ,   0.00000000   ,                     12.843719                     
   -0.500000    ,   -0.500000    ,   3.5000000    ,   1.0000000    ,   0.00000000   ,   0.00000000   ,   0.00000000   ,                     -0.309993                     
   -0.500000    ,   -0.500000    ,   4.5000000    ,   1.0000000    ,   0.00000000   ,   0.00000000   ,   0.00000000   ,                     -0.136906                     
   -0.500000    ,   0.5000000    ,   -4.500000    ,   1.0000000    ,   0.00000000   ,   0.00000000   ,   0.00000000   ,                     -0.136906                     
   -0.500000    ,   0.5000000    ,   -3.500000    ,   1.0000000    ,   0.00000000   ,   0.00000000   ,   0.00000000   ,                     -0.309993                     
   -0.500000    ,   0.5000000    ,   -2.500000    ,   1.0000000    ,   0.00000000   ,   0.00000000   ,   0.00000000   ,                     12.843719                     
   -0.500000    ,   0.5000000    ,   -1.500000    ,   1.0000000    ,   0.00000000   ,   0.00000000   ,   0.00000000   ,                     12.501989                     
   -0.500000    ,   0.5000000    ,   -0.500000    ,   1.0000000    ,   0.00000000   ,   0.00000000   ,   0.00000000   ,                     25.667184                     
   -0.500000    ,   0.5000000    ,   0.5000000    ,   1.0000000    ,   0.00000000   ,   0.00000000   ,   0.00000000   ,                     25.667184                     
   -0.500000    ,   0.5000000    ,   1.5000000    ,   1.0000000    ,   0.00000000   ,   0.00000000   ,   0.00000000   ,                     12.501989                     
   -0.500000    ,   0.5000000    ,   2.5000000    ,   1.0000000    ,   0.00000000   ,   0.00000000   ,   0.00000000   ,                     12.843719                     
   -0.500000    ,   0.5000000    ,   3.5000000    ,   1.0000000    ,   0.00000000   ,   0.00000000   ,   0.00000000   ,                     -0.309993                     
   -0.500000    ,   0.5000000    ,   4.5000000    ,   1.0000000    ,   0.00000000   ,   0.00000000   ,   0.00000000   ,                     -0.136906                     
   -0.500000    ,   1.5000000    ,   -4.500000    ,   1.0000000    ,   0.00000000   ,   0.00000000   ,   0.00000000   ,                     -0.129688                     
   -0.500000    ,   1.5000000    ,   -3.500000    ,   1.0000000    ,   0.00000000   ,   0.00000000   ,   0.00000000   ,                     -0.162514                     
   -0.500000    ,   1.5000000    ,   -2.500000    ,   1.0000000    ,   0.00000000   ,   0.00000000   ,   0.00000000   ,                     -0.318399                     
   -0.500000    ,   1.5000000    ,   -1.500000    ,   1.0000000    ,   0.00000000   ,   0.00000000   ,   0.00000000   ,                     -0.381331                     
   -0.500000    ,   1.5000000    ,   -0.500000    ,   1.0000000    ,   0.00000000   ,   0.00000000   ,   0.00000000   ,                     -0.532160                     
   -0.500000    ,   1.5000000    ,   0.5000000    ,   1.0000000    ,   0.00000000   ,   0.00000000   ,   0.00000000   ,                     -0.532160                     
   -0.500000    ,   1.5000000    ,   1.5000000    ,   1.0000000    ,   0.00000000   ,   0.00000000   ,   0.00000000   ,                     -0.381331                     
   -0.500000    ,   1.5000000    ,   2.5000000    ,   1.0000000    ,   0.00000000   ,   0.00000000   ,   0.00000000   ,                     -0.318399                     
   -0.500000    ,   1.5000000    ,   3.5000000    ,   1.0000000    ,   0.00000000   ,   0.00000000   ,   0.00000000   ,                     -0.162514                     
   -0.500000    ,   1.5000000    ,   4.5000000    ,   1.0000000    ,   0.00000000   ,   0.00000000   ,   0.00000000   ,                     -0.129688                     
   -0.500000    ,   2.5000000    ,   -4.500000    ,   1.0000000    ,   0.00000000   ,   0.00000000   ,   0.00000000   ,                     -0.124976                     
   -0.500000    ,   2.5000000    ,   -3.500000    ,   1.0000000    ,   0.00000000   ,   0.00000000   ,   0.00000000   ,                     -0.130222                     
   -0.500000    ,   2.5000000    ,   -2.500000    ,   1.0000000    ,   0.00000000   ,   0.00000000   ,   0.00000000   ,                     -0.139869                     
   -0.500000    ,   2.5000000    ,   -1.500000    ,   1.0000000    ,   0.00000000   ,   0.00000000   ,   0.00000000   ,                     -0.148541                     
   -0.500000    ,   2.5000000    ,   -0.500000    ,   1.0000000    ,   0.00000000   ,   0.00000000   ,   0.00000000   ,                     -0.156865                     
   -0.500000    ,   2.5000000    ,   0.5000000    ,   1.0000000    ,   0.00000000   ,   0.00000000   ,   0.00000000   ,                     -0.156865                     
   -0.500000    ,   2.5000000    ,   1.5000000    ,   1.0000000    ,   0.00000000   ,   0.00000000   ,   0.00000000   ,                     -0.148541                     
   -0.500000    ,   2.5000000    ,   2.5000000    ,   1.0000000    ,   0.00000000   ,   0.00000000   ,   0.00000000   ,                     -0.139869                     
   -0.500000    ,   2.5000000    ,   3.5000000    ,   1.0000000    ,   0.00000000   ,   0.00000000   ,   0.00000000   ,                     -0.130222                     
   -0.500000    ,   2.5000000    ,   4.5000000    ,   1.0000000    ,   0.00000000   ,   0.00000000   ,   0.00000000   ,                     -0.124976                     
   -0.500000    ,   3.5000000    ,   -4.500000    ,   1.0000000    ,   0.00000000   ,   0.00000000   ,   0.00000000   ,                     -0.123654                     
   -0.500000    ,   3.5000000    ,   -3.500000    ,   1.0000000    ,   0.00000000   ,   0.00000000   ,   0.00000000   ,                     -0.124821                     
   -0.500000    ,   3.5000000    ,   -2.500000    ,   1.0000000    ,   0.00000000   ,   0.00000000   ,   0.00000000   ,                     -0.126189                     
   -0.500000    ,   3.5000000    ,   -1.500000    ,   1.0000000    ,   0.00000000   ,   0.00000000   ,   0.00000000   ,                     -0.127732                     
   -0.500000    ,   3.5000000    ,   -0.500000    ,   1.0000000    ,   0.00000000   ,   0.00000000   ,   0.00000000   ,                     -0.128758                     
   -0.500000    ,   3.5000000    ,   0.5000000    ,   1.0000000    ,   0.00000000   ,   0.00000000   ,   0.00000000   ,                     -0.128758                     
   -0.500000    ,   3.5000000    ,   1.5000000    ,   1.0000000    ,   0.00000000   ,   0.00000000   ,   0.00000000   ,                     -0.127732                     
   -0.500000    ,   3.5000000    ,   2.5000000    ,   1.0000000    ,   0.00000000   ,   0.00000000   ,   0.00000000   ,                     -0.126189                     
   -0.500000    ,   3.5000000    ,   3.5000000    ,   1.0000000    ,   0.00000000   ,   0.00000000   ,   0.00000000   ,                     -0.124821                     
   -0.500000    ,   3.5000000    ,   4.5000000    ,   1.0000000    ,   0.00000000   ,   0.00000000   ,   0.00000000   ,                     -0.123654                     
   -0.500000    ,   4.5000000    ,   -4.500000    ,   1.0000000    ,   0.00000000   ,   0.00000000   ,   0.00000000   ,                     -0.123047                     
   -0.500000    ,   4.5000000    ,   -3.500000    ,   1.0000000    ,   0.00000000   ,   0.00000000   ,   0.00000000   ,                     -0.123387                     
   -0.500000    ,   4.5000000    ,   -2.500000    ,   1.0000000    ,   0.00000000   ,   0.00000000   ,   0.00000000   ,                     -0.123495                     
   -0.500000    ,   4.5000000    ,   -1.500000    ,   1.0000000    ,   0.00000000   ,   0.00000000   ,   0.00000000   ,                     -0.124174                     
   -0.500000    ,   4.5000000    ,   -0.500000    ,   1.0000000    ,   0.00000000   ,   0.00000000   ,   0.00000000   ,                     -0.124282                     
   -0.500000    ,   4.5000000    ,   0.5000000    ,   1.0000000    ,   0.00000000   ,   0.00000000   ,   0.00000000   ,                     -0.124282                     
   -0.500000    ,   4.5000000    ,   1.5000000    ,   1.0000000    ,   0.00000000   ,   0.00000000   ,   0.00000000   ,                     -0.124174                     
   -0.500000    ,   4.5000000    ,   2.5000000    ,   1.0000000    ,   0.00000000   ,   0.00000000   ,   0.00000000   ,                     -0.123495                     
   -0.500000    ,   4.5000000    ,   3.5000000    ,   1.0000000    ,   0.00000000   ,   0.00000000   ,   0.00000000   ,                     -0.123387                     
   -0.500000    ,   4.5000000    ,   4.5000000    ,   1.0000000    ,   0.00000000   ,   0.00000000   ,   0.00000000   ,                     -0.123047                     
   0.5000000    ,   -4.500000    ,   -4.500000    ,   1.0000000    ,   0.00000000   ,   0.00000000   ,   0.00000000   ,                     -0.123047                     
   0.5000000    ,   -4.500000    ,   -3.500000    ,   1.0000000    ,   0.00000000   ,   0.00000000   ,   0.00000000   ,                     -0.123387                     
   0.5000000    ,   -4.500000    ,   -2.500000    ,   1.0000000    ,   0.00000000   ,   0.00000000   ,   0.00000000   ,                     -0.123495                     
   0.5000000    ,   -4.500000    ,   -1.500000    ,   1.0000000    ,   0.00000000   ,   0.00000000   ,   0.00000000   ,                     -0.124174                     
   0.5000000    ,   -4.500000    ,   -0.500000    ,   1.0000000    ,   0.00000000   ,   0.00000000   ,   0.00000000   ,                     -0.124282                     
   0.5000000    ,   -4.500000    ,   0.5000000    ,   1.0000000    ,   0.00000000   ,   0.00000000   ,   0.00000000   ,                     -0.124282                     
   0.5000000    ,   -4.500000    ,   1.5000000    ,   1.0000000    ,   0.00000000   ,   0.00000000   ,   0.00000000   ,                     -0.124174                     
   0.5000000    ,   -4.500000    ,   2.5000000    ,   1.0000000    ,   0.00000000   ,   0.00000000   ,   0.00000000   ,                     -0.123495                     
   0.5000000    ,   -4.500000    ,   3.5000000    ,   1.0000000    ,   0.00000000   ,   0.00000000   ,   0.00000000   ,                     -0.123387                     
   0.5000000    ,   -4.500000    ,   4.5000000    ,   1.0000000    ,   0.00000000   ,   0.00000000   ,   0.00000000   ,                     -0.123047                     
   0.5000000    ,   -3.500000    ,   -4.500000    ,   1.0000000    ,   0.00000000   ,   0.00000000   ,   0.00000000   ,                     -0.123654                     
   0.5000000    ,   -3.500000    ,   -3.500000    ,   1.0000000    ,   0.00000000   ,   0.00000000   ,   0.00000000   ,                     -0.124821                     
   0.5000000    ,   -3.500000    ,   -2.500000    ,   1.0000000    ,   0.00000000   ,   0.00000000   ,   0.00000000   ,                     -0.126189                     
   0.5000000    ,   -3.500000    ,   -1.500000    ,   1.0000000    ,   0.00000000   ,   0.00000000   ,   0.00000000   ,                     -0.127732                     
   0.5000000    ,   -3.500000    ,   -0.500000    ,   1.0000000    ,   0.00000000   ,   0.00000000   ,   0.00000000   ,                     -0.128758                     
   0.5000000    ,   -3.500000    ,   0.5000000    ,   1.0000000    ,   0.00000000   ,   0.00000000   ,   0.00000000   ,                     -0.128758                     
   0.5000000    ,   -3.500000    ,   1.5000000    ,   1.0000000    ,   0.00000000   ,   0.00000000   ,   0.00000000   ,                     -0.127732                     
   0.5000000    ,   -3.500000    ,   2.5000000    ,   1.0000000    ,   0.00000000   ,   0.00000000   ,   0.00000000   ,                     -0.126189                     
   0.5000000    ,   -3.500000    ,   3.5000000    ,   1.0000000    ,   0.00000000   ,   0.00000000   ,   0.00000000   ,                     -0.124821                     
   0.5000000    ,   -3.500000    ,   4.5000000    ,   1.0000000    ,   0.00000000   ,   0.00000000   ,   0.00000000   ,                     -0.123654                     
   0.5000000    ,   -2.500000    ,   -4.500000    ,   1.0000000    ,   0.00000000   ,   0.00000000   ,   0.00000000   ,                     -0.124976                     
   0.5000000    ,   -2.500000    ,   -3.500000    ,   1.0000000    ,   0.00000000   ,   0.00000000   ,   0.00000000   ,                     -0.130222                     
   0.5000000    ,   -2.500000    ,   -2.500000    ,   1.0000000    ,   0.00000000   ,   0.00000000   ,   0.00000000   ,                     -0.139869                     
   0.5000000    ,   -2.500000    ,   -1.500000    ,   1.0000000    ,   0.00000000   ,   0.00000000   ,   0.00000000   ,                     -0.148541                     
   0.5000000    ,   -2.500000    ,   -0.500000    ,   1.0000000    ,   0.00000000   ,   0.00000000   ,   0.00000000   ,                     -0.156865                     
   0.5000000    ,   -2.500000    ,   0.5000000    ,   1.0000000    ,   0.00000000   ,   0.00000000   ,   0.00000000   ,                     -0.156865                     
   0.5000000    ,   -2.500000    ,   1.5000000    ,   1.0000000    ,   0.00000000   ,   0.00000000   ,   0.00000000   ,                     -0.148541                     
   0.5000000    ,   -2.500000    ,   2.5000000    ,   1.0000000    ,   0.00000000   ,   0.00000000   ,   0.00000000   ,                     -0.139869                     
   0.5000000    ,   -2.500000    ,   3.5000000    ,   1.0000000    ,   0.00000000   ,   0.00000000   ,   0.00000000   ,                     -0.130222                     
   0.5000000    ,   -2.500000    ,   4.5000000    ,   1.0000000    ,   0.00000000   ,   0.00000000   ,   0.00000000   ,                     -0.124976                     
   0.5000000    ,   -1.500000    ,   -4.500000    ,   1.0000000    ,   0.00000000   ,   0.00000000   ,   0.00000000   ,                     -0.129688                     
   0.5000000    ,   -1.500000    ,   -3.500000    ,   1.0000000    ,   0.00000000   ,   0.00000000   ,   0.00000000   ,                     -0.162514                     
   0.5000000    ,   -1.500000    ,   -2.500000    ,   1.0000000    ,   0.00000000   ,   0.00000000   ,   0.00000000   ,                     -0.318399                     
   0.5000000    ,   -1.500000    ,   -1.500000    ,   1.0000000    ,   0.00000000   ,   0.00000000   ,   0.00000000   ,                     -0.381331                     
   0.5000000    ,   -1.500000    ,   -0.500000    ,   1.0000000    ,   0.00000000   ,   0.00000000   ,   0.00000000   ,                     -0.532160                     
   0.5000000    ,   -1.500000    ,   0.5000000    ,   1.0000000    ,   0.00000000   ,   0.00000000   ,   0.00000000   ,                     -0.532160                     
   0.5000000    ,   -1.500000    ,   1.5000000    ,   1.0000000    ,   0.00000000   ,   0.00000000   ,   0.00000000   ,                     -0.381331                     
   0.5000000    ,   -1.500000    ,   2.5000000    ,   1.0000000    ,   0.00000000   ,   0.00000000   ,   0.00000000   ,                     -0.318399                     
   0.5000000    ,   -1.500000    ,   3.5000000    ,   1.0000000    ,   0.00000000   ,   0.00000000   ,   0.00000000   ,                     -0.162514                     
   0.5000000    ,   -1.500000    ,   4.5000000    ,   1.0000000    ,   0.00000000   ,   0.00000000   ,   0.00000000   ,                     -0.129688                     
   0.5000000    ,   -0.500000    ,   -4.500000    ,   1.0000000    ,   0.00000000   ,   0.00000000   ,   0.00000000   ,                     -0.136906                     
   0.5000000    ,   -0.500000    ,   -3.500000    ,   1.0000000    ,   0.00000000   ,   0.00000000   ,   0.00000000   ,                     -0.309993                     
   0.5000000    ,   -0.500000    ,   -2.500000    ,   1.0000000    ,   0.00000000   ,   0.00000000   ,   0.00000000   ,                     12.843719                     
   0.5000000    ,   -0.500000    ,   -1.500000    ,   1.0000000    ,   0.00000000   ,   0.00000000   ,   0.00000000   ,                     12.501989                     
   0.5000000    ,   -0.500000    ,   -0.500000    ,   1.0000000    ,   0.00000000   ,   0.00000000   ,   0.00000000   ,                     25.667184                     
   0.5000000    ,   -0.500000    ,   0.5000000    ,   1.0000000    ,   0.00000000   ,   0.00000000   ,   0.00000000   ,                     25.667184                     
   0.5000000    ,   -0.500000    ,   1.5000000    ,   1.0000000    ,   0.00000000   ,   0.00000000   ,   0.00000000   ,                     12.501989                     
   0.5000000    ,   -0.500000    ,   2.5000000    ,   1.0000000    ,   0.00000000   ,   0.00000000   ,   0.00000000   ,                     12.843719                     
   0.5000000    ,   -0.500000    ,   3.5000000    ,   1.0000000    ,   0.00000000   ,   0.00000000   ,   0.00000000   ,                     -0.309993                     
   0.5000000    ,   -0.500000    ,   4.5000000    ,   1.0000000    ,   0.00000000   ,   0.00000000   ,   0.00000000   ,                     -0.136906                     
   0.5000000    ,   0.5000000    ,   -4.500000    ,   1.0000000    ,   0.00000000   ,   0.00000000   ,   0.00000000   ,                     -0.136906                     
   0.5000000    ,   0.5000000    ,   -3.500000    ,   1.0000000    ,   0.00000000   ,   0.00000000   ,   0.00000000   ,                     -0.309993                     
   0.5000000    ,   0.5000000    ,   -2.500000    ,   1.0000000    ,   0.00000000   ,   0.00000000   ,   0.00000000   ,                     12.843719                     
   0.5000000    ,   0.5000000    ,   -1.500000    ,   1.0000000    ,   0.00000000   ,   0.00000000   ,   0.00000000   ,                     12.501989                     
   0.5000000    ,   0.5000000    ,   -0.500000    ,   1.0000000    ,   0.00000000   ,   0.00000000   ,   0.00000000   ,                     25.667184                     
   0.5000000    ,   0.5000000    ,   0.5000000    ,   1.0000000    ,   0.00000000   ,   0.00000000   ,   0.00000000   ,                     25.667184                     
   0.5000000    ,   0.5000000    ,   1.5000000    ,   1.0000000    ,   0.00000000   ,   0.00000000   ,   0.00000000   ,                     12.501989                     
   0.5000000    ,   0.5000000    ,   2.5000000    ,   1.0000000    ,   0.00000000   ,   0.00000000   ,   0.00000000   ,                     12.843719                     
   0.5000000    ,   0.5000000    ,   3.5000000    ,   1.0000000    ,   0.00000000   ,   0.00000000   ,   0.00000000   ,                     -0.309993                     
   0.5000000    ,   0.5000000    ,   4.5000000    ,   1.0000000    ,   0.00000000   ,   0.00000000   ,   0.00000000   ,                     -0.136906                     
   0.5000000    ,   1.5000000    ,   -4.500000    ,   1.0000000    ,   0.00000000   ,   0.00000000   ,   0.00000000   ,                     -0.129688                     
   0.5000000    ,   1.5000000    ,   -3.500000    ,   1.0000000    ,   0.00000000   ,   0.00000000   ,   0.00000000   ,                     -0.162514                     
   0.5000000    ,   1.5000000    ,   -2.500000    ,   1.0000000    ,   0.00000000   ,   0.00000000   ,   0.00000000   ,                     -0.318399                     
   0.5000000    ,   1.5000000    ,   -1.500000    ,   1.0000000    ,   0.00000000   ,   0.00000000   ,   0.00000000   ,                     -0.381331                     
   0.5000000    ,   1.5000000    ,   -0.500000    ,   1.0000000    ,   0.00000000   ,   0.00000000   ,   0.00000000   ,                     -0.532160                     
   0.5000000    ,   1.5000000    ,   0.5000000    ,   1.0000000    ,   0.00000000   ,   0.00000000   ,   0.00000000   ,                     -0.532160                     
   0.5000000    ,   1.5000000    ,   1.5000000    ,   1.0000000    ,   0.00000000   ,   0.00000000   ,   0.00000000   ,                     -0.381331                     
   0.5000000    ,   1.5000000    ,   2.5000000    ,   1.0000000    ,   0.00000000   ,   0.00000000   ,   0.00000000   ,                     -0.318399                     
   0.5000000    ,   1.5000000    ,   3.5000000    ,   1.0000000    ,   0.00000000   ,   0.00000000   ,   0.00000000   ,                     -0.162514                     
   0.5000000    ,   1.5000000    ,   4.5000000    ,   1.0000000    ,   0.00000000   ,   0.00000000   ,   0.00000000   ,                     -0.129688                     
   0.5000000    ,   2.5000000    ,   -4.500000    ,   1.0000000    ,   0.00000000   ,   0.00000000   ,   0.00000000   ,                     -0.124976                     
   0.5000000    ,   2.5000000    ,   -3.500000    ,   1.0000000    ,   0.00000000   ,   0.00000000   ,   0.00000000   ,                     -0.130222                     
   0.5000000    ,   2.5000000    ,   -2.500000    ,   1.0000000    ,   0.00000000   ,   0.00000000   ,   0.00000000   ,                     -0.139869                     
   0.5000000    ,   2.5000000    ,   -1.500000    ,   1.0000000    ,   0.00000000   ,   0.00000000   ,   0.00000000   ,                     -0.148541                     
   0.5000000    ,   2.5000000    ,   -0.500000    ,   1.0000000    ,   0.00000000   ,   0.00000000   ,   0.00000000   ,                     -0.156865                     
   0.5000000    ,   2.5000000    ,   0.5000000    ,   1.0000000    ,   0.00000000   ,   0.00000000   ,   0.00000000   ,                     -0.156865                     
   0.5000000    ,   2.5000000    ,   1.5000000    ,   1.0000000    ,   0.00000000   ,   0.00000000   ,   0.00000000   ,                     -0.148541                     
   0.5000000    ,   2.5000000    ,   2.5000000    ,   1.0000000    ,   0.00000000   ,   0.00000000   ,   0.00000000   ,                     -0.139869                     
   0.5000000    ,   2.5000000    ,   3.5000000    ,   1.0000000    ,   0.00000000   ,   0.00000000   ,   0.00000000   ,                     -0.130222                     
   0.5000000    ,   2.5000000    ,   4.5000000    ,   1.0000000    ,   0.00000000   ,   0.00000000   ,   0.00000000   ,                     -0.124976                     
   0.5000000    ,   3.5000000    ,   -4.500000    ,   1.0000000    ,   0.00000000   ,   0.00000000   ,   0.00000000   ,                     -0.123654                     
   0.5000000    ,   3.5000000    ,   -3.500000    ,   1.0000000    ,   0.00000000   ,   0.00000000   ,   0.00000000   ,                     -0.124821                     
   0.5000000    ,   3.5000000    ,   -2.500000    ,   1.0000000    ,   0.00000000   ,   0.00000000   ,   0.00000000   ,                     -0.126189                     
   0.5000000    ,   3.5000000    ,   -1.500000    ,   1.0000000    ,   0.00000000   ,   0.00000000   ,   0.00000000   ,                     -0.127732                     
   0.5000000    ,   3.5000000    ,   -0.500000    ,   1.0000000    ,   0.00000000   ,   0.00000000   ,   0.00000000   ,                     -0.128758                     
   0.5000000    ,   3.5000000    ,   0.5000000    ,   1.0000000    ,   0.00000000   ,   0.00000000   ,   0.00000000   ,                     -0.128758                     
   0.5000000    ,   3.5000000    ,   1.5000000    ,   1.0000000    ,   0.00000000   ,   0.00000000   ,   0.00000000   ,                     -0.127732                     
   0.5000000    ,   3.5000000    ,   2.5000000    ,   1.0000000    ,   0.00000000   ,   0.00000000   ,   0.00000000   ,                     -0.126189                     
   0.5000000    ,   3.5000000    ,   3.5000000    ,   1.0000000    ,   0.00000000   ,   0.00000000   ,   0.00000000   ,                     -0.124821                     
   0.5000000    ,   3.5000000    ,   4.5000000    ,   1.0000000    ,   0.00000000   ,   0.00000000   ,   0.00000000   ,                     -0.123654                     
   0.5000000    ,   4.5000000    ,   -4.500000    ,   1.0000000    ,   0.00000000   ,   0.00000000   ,   0.00000000   ,                     -0.123047                     
   0.5000000    ,   4.5000000    ,   -3.500000    ,   1.0000000    ,   0.00000000   ,   0.00000000   ,   0.00000000   ,                     -0.123387                     
   0.5000000    ,   4.5000000    ,   -2.500000    ,   1.0000000    ,   0.00000000   ,   0.00000000   ,   0.00000000   ,                     -0.123495                     
   0.5000000    ,   4.5000000    ,   -1.500000    ,   1.0000000    ,   0.00000000   ,   0.00000000   ,   0.00000000   ,                     -0.124174                     
   0.5000000    ,   4.5000000    ,   -0.500000    ,   1.0000000    ,   0.00000000   ,   0.00000000   ,   0.00000000   ,                     -0.124282                     
   0.5000000    ,   4.5000000    ,   0.5000000    ,   1.0000000    ,   0.00000000   ,   0.00000000   ,   0.00000000   ,                     -0.124282                     
   0.5000000    ,   4.5000000    ,   1.5000000    ,   1.0000000    ,   0.00000000   ,   0.00000000   ,   0.00000000   ,                     -0.124174                     
   0.5000000    ,   4.5000000    ,   2.5000000    ,   1.0000000    ,   0.00000000   ,   0.00000000   ,   0.00000000   ,                     -0.123495                     
   0.5000000    ,   4.5000000    ,   3.5000000    ,   1.0000000    ,   0.00000000   ,   0.00000000   ,   0.00000000   ,                     -0.123387                     
   0.5000000    ,   4.5000000    ,   4.5000000    ,   1.0000000    ,   0.00000000   ,   0.00000000   ,   0.00000000   ,                     -0.123047                     
   1.5000000    ,   -4.500000    ,   -4.500000    ,   1.0000000    ,   0.00000000   ,   0.00000000   ,   0.00000000   ,                     -0.123047                     
   1.5000000    ,   -4.500000    ,   -3.500000    ,   1.0000000    ,   0.00000000   ,   0.00000000   ,   0.00000000   ,                     -0.123311                     
   1.5000000    ,   -4.500000    ,   -2.500000    ,   1.0000000    ,   0.00000000   ,   0.00000000   ,   0.00000000   ,                     -0.123387                     
   1.5000000    ,   -4.500000    ,   -1.500000    ,   1.0000000    ,   0.00000000   ,   0.00000000   ,   0.00000000   ,                     -0.123914                     
   1.5000000    ,   -4.500000    ,   -0.500000    ,   1.0000000    ,   0.00000000   ,   0.00000000   ,   0.00000000   ,                     -0.123990                     
   1.5000000    ,   -4.500000    ,   0.5000000    ,   1.0000000    ,   0.00000000   ,   0.00000000   ,   0.00000000   ,                     -0.123990                     
   1.5000000    ,   -4.500000    ,   1.5000000    ,   1.0000000    ,   0.00000000   ,   0.00000000   ,   0.00000000   ,                     -0.123914                     
   1.5000000    ,   -4.500000    ,   2.5000000    ,   1.0000000    ,   0.00000000   ,   0.00000000   ,   0.00000000   ,                     -0.123387                     
   1.5000000    ,   -4.500000    ,   3.5000000    ,   1.0000000    ,   0.00000000   ,   0.00000000   ,   0.00000000   ,                     -0.123311                     
   1.5000000    ,   -4.500000    ,   4.5000000    ,   1.0000000    ,   0.00000000   ,   0.00000000   ,   0.00000000   ,                     -0.123047                     
   1.5000000    ,   -3.500000    ,   -4.500000    ,   1.0000000    ,   0.00000000   ,   0.00000000   ,   0.00000000   ,                     -0.123495                     
   1.5000000    ,   -3.500000    ,   -3.500000    ,   1.0000000    ,   0.00000000   ,   0.00000000   ,   0.00000000   ,                     -0.123898                     
   1.5000000    ,   -3.500000    ,   -2.500000    ,   1.0000000    ,   0.00000000   ,   0.00000000   ,   0.00000000   ,                     -0.125188                     
   1.5000000    ,   -3.500000    ,   -1.500000    ,   1.0000000    ,   0.00000000   ,   0.00000000   ,   0.00000000   ,                     -0.125995                     
   1.5000000    ,   -3.500000    ,   -0.500000    ,   1.0000000    ,   0.00000000   ,   0.00000000   ,   0.00000000   ,                     -0.126838                     
   1.5000000    ,   -3.500000    ,   0.5000000    ,   1.0000000    ,   0.00000000   ,   0.00000000   ,   0.00000000   ,                     -0.126838                     
   1.5000000    ,   -3.500000    ,   1.5000000    ,   1.0000000    ,   0.00000000   ,   0.00000000   ,   0.00000000   ,                     -0.125995                     
   1.5000000    ,   -3.500000    ,   2.5000000    ,   1.0000000    ,   0.00000000   ,   0.00000000   ,   0.00000000   ,                     -0.125188                     
   1.5000000    ,   -3.500000    ,   3.5000000    ,   1.0000000    ,   0.00000000   ,   0.00000000   ,   0.00000000   ,                     -0.123898                     
   1.5000000    ,   -3.500000    ,   4.5000000    ,   1.0000000    ,   0.00000000   ,   0.00000000   ,   0.00000000   ,                     -0.123495                     
   1.5000000    ,   -2.500000    ,   -4.500000    ,   1.0000000    ,   0.00000000   ,   0.00000000   ,   0.00000000   ,                     -0.124293                     
   1.5000000    ,   -2.500000    ,   -3.500000    ,   1.0000000    ,   0.00000000   ,   0.00000000   ,   0.00000000   ,                     -0.127159                     
   1.5000000    ,   -2.500000    ,   -2.500000    ,   1.0000000    ,   0.00000000   ,   0.00000000   ,   0.00000000   ,                     -0.131501                     
   1.5000000    ,   -2.500000    ,   -1.500000    ,   1.0000000    ,   0.00000000   ,   0.00000000   ,   0.00000000   ,                     -0.135891                     
   1.5000000    ,   -2.500000    ,   -0.500000    ,   1.0000000    ,   0.00000000   ,   0.00000000   ,   0.00000000   ,                     -0.139434                     
   1.5000000    ,   -2.500000    ,   0.5000000    ,   1.0000000    ,   0.00000000   ,   0.00000000   ,   0.00000000   ,                     -0.139434                     
   1.5000000    ,   -2.500000    ,   1.5000000    ,   1.0000000    ,   0.00000000   ,   0.00000000   ,   0.00000000   ,                     -0.135891                     
   1.5000000    ,   -2.500000    ,   2.5000000    ,   1.0000000    ,   0.00000000   ,   0.00000000   ,   0.00000000   ,                     -0.131501                     
   1.5000000    ,   -2.500000    ,   3.5000000    ,   1.0000000    ,   0.00000000   ,   0.00000000   ,   0.00000000   ,                     -0.127159                     
   1.5000000    ,   -2.500000    ,   4.5000000    ,   1.0000000    ,   0.00000000   ,   0.00000000   ,   0.00000000   ,                     -0.124293                     
   1.5000000    ,   -1.500000    ,   -4.500000    ,   1.0000000    ,   0.00000000   ,   0.00000000   ,   0.00000000   ,                     -0.126792                     
   1.5000000    ,   -1.500000    ,   -3.500000    ,   1.0000000    ,   0.00000000   ,   0.00000000   ,   0.00000000   ,                     -0.137713                     
   1.5000000    ,   -1.500000    ,   -2.500000    ,   1.0000000    ,   0.00000000   ,   0.00000000   ,   0.00000000   ,                     -0.166720                     
   1.5000000    ,   -1.500000    ,   -1.500000    ,   1.0000000    ,   0.00000000   ,   0.00000000   ,   0.00000000   ,                     -0.186801                     
   1.5000000    ,   -1.500000    ,   -0.500000    ,   1.0000000    ,   0.00000000   ,   0.00000000   ,   0.00000000   ,                     -0.213178                     
   1.5000000    ,   -1.500000    ,   0.5000000    ,   1.0000000    ,   0.00000000   ,   0.00000000   ,   0.00000000   ,                     -0.213178                     
   1.5000000    ,   -1.500000    ,   1.5000000    ,   1.0000000    ,   0.00000000   ,   0.00000000   ,   0.00000000   ,                     -0.186801                     
   1.5000000    ,   -1.500000    ,   2.5000000    ,   1.0000000    ,   0.00000000   ,   0.00000000   ,   0.00000000   ,                     -0.166720                     
   1.5000000    ,   -1.500000    ,   3.5000000    ,   1.0000000    ,   0.00000000   ,   0.00000000   ,   0.00000000   ,                     -0.137713                     
   1.5000000    ,   -1.500000    ,   4.5000000    ,   1.0000000    ,   0.00000000   ,   0.00000000   ,   0.00000000   ,                     -0.126792                     
   1.5000000    ,   -0.500000    ,   -4.500000    ,   1.0000000    ,   0.00000000   ,   0.00000000   ,   0.00000000   ,                     -0.129688                     
   1.5000000    ,   -0.500000    ,   -3.500000    ,   1.0000000    ,   0.00000000   ,   0.00000000   ,   0.00000000   ,                     -0.162514                     
   1.5000000    ,   -0.500000    ,   -2.500000    ,   1.0000000    ,   0.00000000   ,   0.00000000   ,   0.00000000   ,                     -0.318399                     
   1.5000000    ,   -0.500000    ,   -1.500000    ,   1.0000000    ,   0.00000000   ,   0.00000000   ,   0.00000000   ,                     -0.381331                     
   1.5000000    ,   -0.500000    ,   -0.500000    ,   1.0000000    ,   0.00000000   ,   0.00000000   ,   0.00000000   ,                     -0.532160                     
   1.5000000    ,   -0.500000    ,   0.5000000    ,   1.0000000    ,   0.00000000   ,   0.00000000   ,   0.00000000   ,                     -0.532160                     
   1.5000000    ,   -0.500000    ,   1.5000000    ,   1.0000000    ,   0.00000000   ,   0.00000000   ,   0.00000000   ,                     -0.381331                     
   1.5000000    ,   -0.500000    ,   2.5000000    ,   1.0000000    ,   0.00000000   ,   0.00000000   ,   0.00000000   ,                     -0.318399                     
   1.5000000    ,   -0.500000    ,   3.5000000    ,   1.0000000    ,   0.00000000   ,   0.00000000   ,   0.00000000   ,                     -0.162514                     
   1.5000000    ,   -0.500000    ,   4.5000000    ,   1.0000000    ,   0.00000000   ,   0.00000000   ,   0.00000000   ,                     -0.129688                     
   1.5000000    ,   0.5000000    ,   -4.500000    ,   1.0000000    ,   0.00000000   ,   0.00000000   ,   0.00000000   ,                     -0.129688                     
   1.5000000    ,   0.5000000    ,   -3.500000    ,   1.0000000    ,   0.00000000   ,   0.00000000   ,   0.00000000   ,                     -0.162514                     
   1.5000000    ,   0.5000000    ,   -2.500000    ,   1.0000000    ,   0.00000000   ,   0.00000000   ,   0.00000000   ,                     -0.318399                     
   1.5000000    ,   0.5000000    ,   -1.500000    ,   1.0000000    ,   0.00000000   ,   0.00000000   ,   0.00000000   ,                     -0.381331                     
   1.5000000    ,   0.5000000    ,   -0.500000    ,   1.0000000    ,   0.00000000   ,   0.00000000   ,   0.00000000   ,                     -0.532160                     
   1.5000000    ,   0.5000000    ,   0.5000000    ,   1.0000000    ,   0.00000000   ,   0.00000000   ,   0.00000000   ,                     -0.532160                     
   1.5000000    ,   0.5000000    ,   1.5000000    ,   1.0000000    ,   0.00000000   ,   0.00000000   ,   0.00000000   ,                     -0.381331                     
   1.5000000    ,   0.5000000    ,   2.5000000    ,   1.0000000    ,   0.00000000   ,   0.00000000   ,   0.00000000   ,                     -0.318399                     
   1.5000000    ,   0.5000000    ,   3.5000000    ,   1.0000000    ,   0.00000000   ,   0.00000000   ,   0.00000000   ,                     -0.162514                     
   1.5000000    ,   0.5000000    ,   4.5000000    ,   1.0000000    ,   0.00000000   ,   0.00000000   ,   0.00000000   ,                     -0.129688                     
   1.5000000    ,   1.5000000    ,   -4.500000    ,   1.0000000    ,   0.00000000   ,   0.00000000   ,   0.00000000   ,                     -0.126792                     
   1.5000000    ,   1.5000000    ,   -3.500000    ,   1.0000000    ,   0.00000000   ,   0.00000000   ,   0.00000000   ,                     -0.137713                     
   1.5000000    ,   1.5000000    ,   -2.500000    ,   1.0000000    ,   0.00000000   ,   0.00000000   ,   0.00000000   ,                     -0.166720                     
   1.5000000    ,   1.5000000    ,   -1.500000    ,   1.0000000    ,   0.00000000   ,   0.00000000   ,   0.00000000   ,                     -0.186801                     
   1.5000000    ,   1.5000000    ,   -0.500000    ,   1.0000000    ,   0.00000000   ,   0.00000000   ,   0.00000000   ,                     -0.213178                     
   1.5000000    ,   1.5000000    ,   0.5000000    ,   1.0000000    ,   0.00000000   ,   0.00000000   ,   0.00000000   ,                     -0.213178                     
   1.5000000    ,   1.5000000    ,   1.5000000    ,   1.0000000    ,   0.00000000   ,   0.00000000   ,   0.00000000   ,                     -0.186801                     
   1.5000000    ,   1.5000000    ,   2.5000000    ,   1.0000000    ,   0.00000000   ,   0.00000000   ,   0.00000000   ,                     -0.166720                     
   1.5000000    ,   1.5000000    ,   3.5000000    ,   1.0000000    ,   0.00000000   ,   0.00000000   ,   0.00000000   ,                     -0.137713                     
   1.5000000    ,   1.5000000    ,   4.5000000    ,   1.0000000    ,   0.00000000   ,   0.00000000   ,   0.00000000   ,                     -0.126792                     
   1.5000000    ,   2.5000000    ,   -4.500000    ,   1.0000000    ,   0.00000000   ,   0.00000000   ,   0.00000000   ,                     -0.124293                     
   1.5000000    ,   2.5000000    ,   -3.500000    ,   1.0000000    ,   0.00000000   ,   0.00000000   ,   0.00000000   ,                     -0.127159                     
   1.5000000    ,   2.5000000    ,   -2.500000    ,   1.0000000    ,   0.00000000   ,   0.00000000   ,   0.00000000   ,                     -0.131501                     
   1.5000000    ,   2.5000000    ,   -1.500000    ,   1.0000000    ,   0.00000000   ,   0.00000000   ,   0.00000000   ,                     -0.135891                     
   1.5000000    ,   2.5000000    ,   -0.500000    ,   1.0000000    ,   0.00000000   ,   0.00000000   ,   0.00000000   ,                     -0.139434                     
   1.5000000    ,   2.5000000    ,   0.5000000    ,   1.0000000    ,   0.00000000   ,   0.00000000   ,   0.00000000   ,                     -0.139434                     
   1.5000000    ,   2.5000000    ,   1.5000000    ,   1.0000000    ,   0.00000000   ,   0.00000000   ,   0.00000000   ,                     -0.135891                     
   1.5000000    ,   2.5000000    ,   2.5000000    ,   1.0000000    ,   0.00000000   ,   0.00000000   ,   0.00000000   ,                     -0.131501                     
   1.5000000    ,   2.5000000    ,   3.5000000    ,   1.0000000    ,   0.00000000   ,   0.00000000   ,   0.00000000   ,                     -0.127159                     
   1.5000000    ,   2.5000000    ,   4.5000000    ,   1.0000000    ,   0.00000000   ,   0.00000000   ,   0.00000000   ,                     -0.124293                     
   1.5000000    ,   3.5000000    ,   -4.500000    ,   1.0000000    ,   0.00000000   ,   0.00000000   ,   0.00000000   ,                     -0.123495                     
   1.5000000    ,   3.5000000    ,   -3.500000    ,   1.0000000    ,   0.00000000   ,   0.00000000   ,   0.00000000   ,                     -0.123898                     
   1.5000000    ,   3.5000000    ,   -2.500000    ,   1.0000000    ,   0.00000000   ,   0.00000000   ,   0.00000000   ,                     -0.125188                     
   1.5000000    ,   3.5000000    ,   -1.500000    ,   1.0000000    ,   0.00000000   ,   0.00000000   ,   0.00000000   ,                     -0.125995                     
   1.5000000    ,   3.5000000    ,   -0.500000    ,   1.0000000    ,   0.00000000   ,   0.00000000   ,   0.00000000   ,                     -0.126838                     
   1.5000000    ,   3.5000000    ,   0.5000000    ,   1.0000000    ,   0.00000000   ,   0.00000000   ,   0.00000000   ,                     -0.126838                     
   1.5000000    ,   3.5000000    ,   1.5000000    ,   1.0000000    ,   0.00000000   ,   0.00000000   ,   0.00000000   ,                     -0.125995                     
   1.5000000    ,   3.5000000    ,   2.5000000    ,   1.0000000    ,   0.00000000   ,   0.00000000   ,   0.00000000   ,                     -0.125188                     
   1.5000000    ,   3.5000000    ,   3.5000000    ,   1.0000000    ,   0.00000000   ,   0.00000000   ,   0.00000000   ,                     -0.123898                     
   1.5000000    ,   3.5000000    ,   4.5000000    ,   1.0000000    ,   0.00000000   ,   0.00000000   ,   0.00000000   ,                     -0.123495                     
   1.5000000    ,   4.5000000    ,   -4.500000    ,   1.0000000    ,   0.00000000   ,   0.00000000   ,   0.00000000   ,                     -0.123047                     
   1.5000000    ,   4.5000000    ,   -3.500000    ,   1.0000000    ,   0.00000000   ,   0.00000000   ,   0.00000000   ,                     -0.123311                     
   1.5000000    ,   4.5000000    ,   -2.500000    ,   1.0000000    ,   0.00000000   ,   0.00000000   ,   0.00000000   ,                     -0.123387                     
   1.5000000    ,   4.5000000    ,   -1.500000    ,   1.0000000    ,   0.00000000   ,   0.00000000   ,   0.00000000   ,                     -0.123914                     
   1.5000000    ,   4.5000000    ,   -0.500000    ,   1.0000000    ,   0.00000000   ,   0.00000000   ,   0.00000000   ,                     -0.123990                     
   1.5000000    ,   4.5000000    ,   0.5000000    ,   1.0000000    ,   0.00000000   ,   0.00000000   ,   0.00000000   ,                     -0.123990                     
   1.5000000    ,   4.5000000    ,   1.5000000    ,   1.0000000    ,   0.00000000   ,   0.00000000   ,   0.00000000   ,                     -0.123914                     
   1.5000000    ,   4.5000000    ,   2.5000000    ,   1.0000000    ,   0.00000000   ,   0.00000000   ,   0.00000000   ,                     -0.123387                     
   1.5000000    ,   4.5000000    ,   3.5000000    ,   1.0000000    ,   0.00000000   ,   0.00000000   ,   0.00000000   ,                     -0.123311                     
   1.5000000    ,   4.5000000    ,   4.5000000    ,   1.0000000    ,   0.00000000   ,   0.00000000   ,   0.00000000   ,                     -0.123047                     
   2.5000000    ,   -4.500000    ,   -4.500000    ,   1.0000000    ,   0.00000000   ,   0.00000000   ,   0.00000000   ,                     -0.123047                     
   2.5000000    ,   -4.500000    ,   -3.500000    ,   1.0000000    ,   0.00000000   ,   0.00000000   ,   0.00000000   ,                     -0.123047                     
   2.5000000    ,   -4.500000    ,   -2.500000    ,   1.0000000    ,   0.00000000   ,   0.00000000   ,   0.00000000   ,                     -0.123047                     
   2.5000000    ,   -4.500000    ,   -1.500000    ,   1.0000000    ,   0.00000000   ,   0.00000000   ,   0.00000000   ,                     -0.123047                     
   2.5000000    ,   -4.500000    ,   -0.500000    ,   1.0000000    ,   0.00000000   ,   0.00000000   ,   0.00000000   ,                     -0.123047                     
   2.5000000    ,   -4.500000    ,   0.5000000    ,   1.0000000    ,   0.00000000   ,   0.00000000   ,   0.00000000   ,                     -0.123047                     
   2.5000000    ,   -4.500000    ,   1.5000000    ,   1.0000000    ,   0.00000000   ,   0.00000000   ,   0.00000000   ,                     -0.123047                     
   2.5000000    ,   -4.500000    ,   2.5000000    ,   1.0000000    ,   0.00000000   ,   0.00000000   ,   0.00000000   ,                     -0.123047                     
   2.5000000    ,   -4.500000    ,   3.5000000    ,   1.0000000    ,   0.00000000   ,   0.00000000   ,   0.00000000   ,                     -0.123047                     
   2.5000000    ,   -4.500000    ,   4.5000000    ,   1.0000000    ,   0.00000000   ,   0.00000000   ,   0.00000000   ,                     -0.123047                     
   2.5000000    ,   -3.500000    ,   -4.500000    ,   1.0000000    ,   0.00000000   ,   0.00000000   ,   0.00000000   ,                     -0.123311                     
   2.5000000    ,   -3.500000    ,   -3.500000    ,   1.0000000    ,   0.00000000   ,   0.00000000   ,   0.00000000   ,                     -0.123495                     
   2.5000000    ,   -3.500000    ,   -2.500000    ,   1.0000000    ,   0.00000000   ,   0.00000000   ,   0.00000000   ,                     -0.124181                     
   2.5000000    ,   -3.500000    ,   -1.500000    ,   1.0000000    ,   0.00000000   ,   0.00000000   ,   0.00000000   ,                     -0.124549                     
   2.5000000    ,   -3.500000    ,   -0.500000    ,   1.0000000    ,   0.00000000   ,   0.00000000   ,   0.00000000   ,                     -0.124972                     
   2.5000000    ,   -3.500000    ,   0.5000000    ,   1.0000000    ,   0.00000000   ,   0.00000000   ,   0.00000000   ,                     -0.124972                     
   2.5000000    ,   -3.500000    ,   1.5000000    ,   1.0000000    ,   0.00000000   ,   0.00000000   ,   0.00000000   ,                     -0.124549                     
   2.5000000    ,   -3.500000    ,   2.5000000    ,   1.0000000    ,   0.00000000   ,   0.00000000   ,   0.00000000   ,                     -0.124181                     
   2.5000000    ,   -3.500000    ,   3.5000000    ,   1.0000000    ,   0.00000000   ,   0.00000000   ,   0.00000000   ,                     -0.123495                     
   2.5000000    ,   -3.500000    ,   4.5000000    ,   1.0000000    ,   0.00000000   ,   0.00000000   ,   0.00000000   ,                     -0.123311                     
   2.5000000    ,   -2.500000    ,   -4.500000    ,   1.0000000    ,   0.00000000   ,   0.00000000   ,   0.00000000   ,                     -0.123654                     
   2.5000000    ,   -2.500000    ,   -3.500000    ,   1.0000000    ,   0.00000000   ,   0.00000000   ,   0.00000000   ,                     -0.124821                     
   2.5000000    ,   -2.500000    ,   -2.500000    ,   1.0000000    ,   0.00000000   ,   0.00000000   ,   0.00000000   ,                     -0.126189                     
   2.5000000    ,   -2.500000    ,   -1.500000    ,   1.0000000    ,   0.00000000   ,   0.00000000   ,   0.00000000   ,                     -0.127732                     
   2.5000000    ,   -2.500000    ,   -0.500000    ,   1.0000000    ,   0.00000000   ,   0.00000000   ,   0.00000000   ,                     -0.128758                     
   2.5000000    ,   -2.500000    ,   0.5000000    ,   1.0000000    ,   0.00000000   ,   0.00000000   ,   0.00000000   ,                     -0.128758                     
   2.5000000    ,   -2.500000    ,   1.5000000    ,   1.0000000    ,   0.00000000   ,   0.00000000   ,   0.00000000   ,                     -0.127732                     
   2.5000000    ,   -2.500000    ,   2.5000000    ,   1.0000000    ,   0.00000000   ,   0.00000000   ,   0.00000000   ,                     -0.126189                     
   2.5000000    ,   -2.500000    ,   3.5000000    ,   1.0000000    ,   0.00000000   ,   0.00000000   ,   0.00000000   ,                     -0.124821                     
   2.5000000    ,   -2.500000    ,   4.5000000    ,   1.0000000    ,   0.00000000   ,   0.00000000   ,   0.00000000   ,                     -0.123654                     
   2.5000000    ,   -1.500000    ,   -4.500000    ,   1.0000000    ,   0.00000000   ,   0.00000000   ,   0.00000000   ,                     -0.124293                     
   2.5000000    ,   -1.500000    ,   -3.500000    ,   1.0000000    ,   0.00000000   ,   0.00000000   ,   0.00000000   ,                     -0.127159                     
   2.5000000    ,   -1.500000    ,   -2.500000    ,   1.0000000    ,   0.00000000   ,   0.00000000   ,   0.00000000   ,                     -0.131501                     
   2.5000000    ,   -1.500000    ,   -1.500000    ,   1.0000000    ,   0.00000000   ,   0.00000000   ,   0.00000000   ,                     -0.135891                     
   2.5000000    ,   -1.500000    ,   -0.500000    ,   1.0000000    ,   0.00000000   ,   0.00000000   ,   0.00000000   ,                     -0.139434                     
   2.5000000    ,   -1.500000    ,   0.5000000    ,   1.0000000    ,   0.00000000   ,   0.00000000   ,   0.00000000   ,                     -0.139434                     
   2.5000000    ,   -1.500000    ,   1.5000000    ,   1.0000000    ,   0.00000000   ,   0.00000000   ,   0.00000000   ,                     -0.135891                     
   2.5000000    ,   -1.500000    ,   2.5000000    ,   1.0000000    ,   0.00000000   ,   0.00000000   ,   0.00000000   ,                     -0.131501                     
   2.5000000    ,   -1.500000    ,   3.5000000    ,   1.0000000    ,   0.00000000   ,   0.00000000   ,   0.00000000   ,                     -0.127159                     
   2.5000000    ,   -1.500000    ,   4.5000000    ,   1.0000000    ,   0.00000000   ,   0.00000000   ,   0.00000000   ,                     -0.124293                     
   2.5000000    ,   -0.500000    ,   -4.500000    ,   1.0000000    ,   0.00000000   ,   0.00000000   ,   0.00000000   ,                     -0.124976                     
   2.5000000    ,   -0.500000    ,   -3.500000    ,   1.0000000    ,   0.00000000   ,   0.00000000   ,   0.00000000   ,                     -0.130222                     
   2.5000000    ,   -0.500000    ,   -2.500000    ,   1.0000000    ,   0.00000000   ,   0.00000000   ,   0.00000000   ,                     -0.139869                     
   2.5000000    ,   -0.500000    ,   -1.500000    ,   1.0000000    ,   0.00000000   ,   0.00000000   ,   0.00000000   ,                     -0.148541                     
   2.5000000    ,   -0.500000    ,   -0.500000    ,   1.0000000    ,   0.00000000   ,   0.00000000   ,   0.00000000   ,                     -0.156865                     
   2.5000000    ,   -0.500000    ,   0.5000000    ,   1.0000000    ,   0.00000000   ,   0.00000000   ,   0.00000000   ,                     -0.156865                     
   2.5000000    ,   -0.500000    ,   1.5000000    ,   1.0000000    ,   0.00000000   ,   0.00000000   ,   0.00000000   ,                     -0.148541                     
   2.5000000    ,   -0.500000    ,   2.5000000    ,   1.0000000    ,   0.00000000   ,   0.00000000   ,   0.00000000   ,                     -0.139869                     
   2.5000000    ,   -0.500000    ,   3.5000000    ,   1.0000000    ,   0.00000000   ,   0.00000000   ,   0.00000000   ,                     -0.130222                     
   2.5000000    ,   -0.500000    ,   4.5000000    ,   1.0000000    ,   0.00000000   ,   0.00000000   ,   0.00000000   ,                     -0.124976                     
   2.5000000    ,   0.5000000    ,   -4.500000    ,   1.0000000    ,   0.00000000   ,   0.00000000   ,   0.00000000   ,                     -0.124976                     
   2.5000000    ,   0.5000000    ,   -3.500000    ,   1.0000000    ,   0.00000000   ,   0.00000000   ,   0.00000000   ,                     -0.130222                     
   2.5000000    ,   0.5000000    ,   -2.500000    ,   1.0000000    ,   0.00000000   ,   0.00000000   ,   0.00000000   ,                     -0.139869                     
   2.5000000    ,   0.5000000    ,   -1.500000    ,   1.0000000    ,   0.00000000   ,   0.00000000   ,   0.00000000   ,                     -0.148541                     
   2.5000000    ,   0.5000000    ,   -0.500000    ,   1.0000000    ,   0.00000000   ,   0.00000000   ,   0.00000000   ,                     -0.156865                     
   2.5000000    ,   0.5000000    ,   0.5000000    ,   1.0000000    ,   0.00000000   ,   0.00000000   ,   0.00000000   ,                     -0.156865                     
   2.5000000    ,   0.5000000    ,   1.5000000    ,   1.0000000    ,   0.00000000   ,   0.00000000   ,   0.00000000   ,                     -0.148541                     
   2.5000000    ,   0.5000000    ,   2.5000000    ,   1.0000000    ,   0.00000000   ,   0.00000000   ,   0.00000000   ,                     -0.139869                     
   2.5000000    ,   0.5000000    ,   3.5000000    ,   1.0000000    ,   0.00000000   ,   0.00000000   ,   0.00000000   ,                     -0.130222                     
   2.5000000    ,   0.5000000    ,   4.5000000    ,   1.0000000    ,   0.00000000   ,   0.00000000   ,   0.00000000   ,                     -0.124976                     
   2.5000000    ,   1.5000000    ,   -4.500000    ,   1.0000000    ,   0.00000000   ,   0.00000000   ,   0.00000000   ,                     -0.124293                     
   2.5000000    ,   1.5000000    ,   -3.500000    ,   1.0000000    ,   0.00000000   ,   0.00000000   ,   0.00000000   ,                     -0.127159                     
   2.5000000    ,   1.5000000    ,   -2.500000    ,   1.0000000    ,   0.00000000   ,   0.00000000   ,   0.00000000   ,                     -0.131501                     
   2.5000000    ,   1.5000000    ,   -1.500000    ,   1.0000000    ,   0.00000000   ,   0.00000000   ,   0.00000000   ,                     -0.135891                     
   2.5000000    ,   1.5000000    ,   -0.500000    ,   1.0000000    ,   0.00000000   ,   0.00000000   ,   0.00000000   ,                     -0.139434                     
   2.5000000    ,   1.5000000    ,   0.5000000    ,   1.0000000    ,   0.00000000   ,   0.00000000   ,   0.00000000   ,                     -0.139434                     
   2.5000000    ,   1.5000000    ,   1.5000000    ,   1.0000000    ,   0.00000000   ,   0.00000000   ,   0.00000000   ,                     -0.135891                     
   2.5000000    ,   1.5000000    ,   2.5000000    ,   1.0000000    ,   0.00000000   ,   0.00000000   ,   0.00000000   ,                     -0.131501                     
   2.5000000    ,   1.5000000    ,   3.5000000    ,   1.0000000    ,   0.00000000   ,   0.00000000   ,   0.00000000   ,                     -0.127159                     
   2.5000000    ,   1.5000000    ,   4.5000000    ,   1.0000000    ,   0.00000000   ,   0.00000000   ,   0.00000000   ,                     -0.124293                     
   2.5000000    ,   2.5000000    ,   -4.500000    ,   1.0000000    ,   0.00000000   ,   0.00000000   ,   0.00000000   ,                     -0.123654                     
   2.5000000    ,   2.5000000    ,   -3.500000    ,   1.0000000    ,   0.00000000   ,   0.00000000   ,   0.00000000   ,                     -0.124821                     
   2.5000000    ,   2.5000000    ,   -2.500000    ,   1.0000000    ,   0.00000000   ,   0.00000000   ,   0.00000000   ,                     -0.126189                     
   2.5000000    ,   2.5000000    ,   -1.500000    ,   1.0000000    ,   0.00000000   ,   0.00000000   ,   0.00000000   ,                     -0.127732                     
   2.5000000    ,   2.5000000    ,   -0.500000    ,   1.0000000    ,   0.00000000   ,   0.00000000   ,   0.00000000   ,                     -0.128758                     
   2.5000000    ,   2.5000000    ,   0.5000000    ,   1.0000000    ,   0.00000000   ,   0.00000000   ,   0.00000000   ,                     -0.128758                     
   2.5000000    ,   2.5000000    ,   1.5000000    ,   1.0000000    ,   0.00000000   ,   0.00000000   ,   0.00000000   ,                     -0.127732                     
   2.5000000    ,   2.5000000    ,   2.5000000    ,   1.0000000    ,   0.00000000   ,   0.00000000   ,   0.00000000   ,                     -0.126189                     
   2.5000000    ,   2.5000000    ,   3.5000000    ,   1.0000000    ,   0.00000000   ,   0.00000000   ,   0.00000000   ,                     -0.124821                     
   2.5000000    ,   2.5000000    ,   4.5000000    ,   1.0000000    ,   0.00000000   ,   0.00000000   ,   0.00000000   ,                     -0.123654                     
   2.5000000    ,   3.5000000    ,   -4.500000    ,   1.0000000    ,   0.00000000   ,   0.00000000   ,   0.00000000   ,                     -0.123311                     
   2.5000000    ,   3.5000000    ,   -3.500000    ,   1.0000000    ,   0.00000000   ,   0.00000000   ,   0.00000000   ,                     -0.123495                     
   2.5000000    ,   3.5000000    ,   -2.500000    ,   1.0000000    ,   0.00000000   ,   0.00000000   ,   0.00000000   ,                     -0.124181                     
   2.5000000    ,   3.5000000    ,   -1.500000    ,   1.0000000    ,   0.00000000   ,   0.00000000   ,   0.00000000   ,                     -0.124549                     
   2.5000000    ,   3.5000000    ,   -0.500000    ,   1.0000000    ,   0.00000000   ,   0.00000000   ,   0.00000000   ,                     -0.124972                     
   2.5000000    ,   3.5000000    ,   0.5000000    ,   1.0000000    ,   0.00000000   ,   0.00000000   ,   0.00000000   ,                     -0.124972                     
   2.5000000    ,   3.5000000    ,   1.5000000    ,   1.0000000    ,   0.00000000   ,   0.00000000   ,   0.00000000   ,                     -0.124549                     
   2.5000000    ,   3.5000000    ,   2.5000000    ,   1.0000000    ,   0.00000000   ,   0.00000000   ,   0.00000000   ,                     -0.124181                     
   2.5000000    ,   3.5000000    ,   3.5000000    ,   1.0000000    ,   0.00000000   ,   0.00000000   ,   0.00000000   ,                     -0.123495                     
   2.5000000    ,   3.5000000    ,   4.5000000    ,   1.0000000    ,   0.00000000   ,   0.00000000   ,   0.00000000   ,                     -0.123311                     
   2.5000000    ,   4.5000000    ,   -4.500000    ,   1.0000000    ,   0.00000000   ,   0.00000000   ,   0.00000000   ,                     -0.123047                     
   2.5000000    ,   4.5000000    ,   -3.500000    ,   1.0000000    ,   0.00000000   ,   0.00000000   ,   0.00000000   ,                     -0.123047                     
   2.5000000    ,   4.5000000    ,   -2.500000    ,   1.0000000    ,   0.00000000   ,   0.00000000   ,   0.00000000   ,                     -0.123047                     
   2.5000000    ,   4.5000000    ,   -1.500000    ,   1.0000000    ,   0.00000000   ,   0.00000000   ,   0.00000000   ,                     -0.123047                     
   2.5000000    ,   4.5000000    ,   -0.500000    ,   1.0000000    ,   0.00000000   ,   0.00000000   ,   0.00000000   ,                     -0.123047                     
   2.5000000    ,   4.5000000    ,   0.5000000    ,   1.0000000    ,   0.00000000   ,   0.00000000   ,   0.00000000   ,                     -0.123047                     
   2.5000000    ,   4.5000000    ,   1.5000000    ,   1.0000000    ,   0.00000000   ,   0.00000000   ,   0.00000000   ,                     -0.123047                     
   2.5000000    ,   4.5000000    ,   2.5000000    ,   1.0000000    ,   0.00000000   ,   0.00000000   ,   0.00000000   ,                     -0.123047                     
   2.5000000    ,   4.5000000    ,   3.5000000    ,   1.0000000    ,   0.00000000   ,   0.00000000   ,   0.00000000   ,                     -0.123047                     
   2.5000000    ,   4.5000000    ,   4.5000000    ,   1.0000000    ,   0.00000000   ,   0.00000000   ,   0.00000000   ,                     -0.123047                     
   3.5000000    ,   -4.500000    ,   -4.500000    ,   1.0000000    ,   0.00000000   ,   0.00000000   ,   0.00000000   ,                     -0.123047                     
   3.5000000    ,   -4.500000    ,   -3.500000    ,   1.0000000    ,   0.00000000   ,   0.00000000   ,   0.00000000   ,                     -0.123047                     
   3.5000000    ,   -4.500000    ,   -2.500000    ,   1.0000000    ,   0.00000000   ,   0.00000000   ,   0.00000000   ,                     -0.123047                     
   3.5000000    ,   -4.500000    ,   -1.500000    ,   1.0000000    ,   0.00000000   ,   0.00000000   ,   0.00000000   ,                     -0.123047                     
   3.5000000    ,   -4.500000    ,   -0.500000    ,   1.0000000    ,   0.00000000   ,   0.00000000   ,   0.00000000   ,                     -0.123047                     
   3.5000000    ,   -4.500000    ,   0.5000000    ,   1.0000000    ,   0.00000000   ,   0.00000000   ,   0.00000000   ,                     -0.123047                     
   3.5000000    ,   -4.500000    ,   1.5000000    ,   1.0000000    ,   0.00000000   ,   0.00000000   ,   0.00000000   ,                     -0.123047                     
   3.5000000    ,   -4.500000    ,   2.5000000    ,   1.0000000    ,   0.00000000   ,   0.00000000   ,   0.00000000   ,                     -0.123047                     
   3.5000000    ,   -4.500000    ,   3.5000000    ,   1.0000000    ,   0.00000000   ,   0.00000000   ,   0.00000000   ,                     -0.123047                     
   3.5000000    ,   -4.500000    ,   4.5000000    ,   1.0000000    ,   0.00000000   ,   0.00000000   ,   0.00000000   ,                     -0.123047                     
   3.5000000    ,   -3.500000    ,   -4.500000    ,   1.0000000    ,   0.00000000   ,   0.00000000   ,   0.00000000   ,                     -0.123047                     
   3.5000000    ,   -3.500000    ,   -3.500000    ,   1.0000000    ,   0.00000000   ,   0.00000000   ,   0.00000000   ,                     -0.123047                     
   3.5000000    ,   -3.500000    ,   -2.500000    ,   1.0000000    ,   0.00000000   ,   0.00000000   ,   0.00000000   ,                     -0.123311                     
   3.5000000    ,   -3.500000    ,   -1.500000    ,   1.0000000    ,   0.00000000   ,   0.00000000   ,   0.00000000   ,                     -0.123311                     
   3.5000000    ,   -3.500000    ,   -0.500000    ,   1.0000000    ,   0.00000000   ,   0.00000000   ,   0.00000000   ,                     -0.123575                     
   3.5000000    ,   -3.500000    ,   0.5000000    ,   1.0000000    ,   0.00000000   ,   0.00000000   ,   0.00000000   ,                     -0.123575                     
   3.5000000    ,   -3.500000    ,   1.5000000    ,   1.0000000    ,   0.00000000   ,   0.00000000   ,   0.00000000   ,                     -0.123311                     
   3.5000000    ,   -3.500000    ,   2.5000000    ,   1.0000000    ,   0.00000000   ,   0.00000000   ,   0.00000000   ,                     -0.123311                     
   3.5000000    ,   -3.500000    ,   3.5000000    ,   1.0000000    ,   0.00000000   ,   0.00000000   ,   0.00000000   ,                     -0.123047                     
   3.5000000    ,   -3.500000    ,   4.5000000    ,   1.0000000    ,   0.00000000   ,   0.00000000   ,   0.00000000   ,                     -0.123047                     
   3.5000000    ,   -2.500000    ,   -4.500000    ,   1.0000000    ,   0.00000000   ,   0.00000000   ,   0.00000000   ,                     -0.123311                     
   3.5000000    ,   -2.500000    ,   -3.500000    ,   1.0000000    ,   0.00000000   ,   0.00000000   ,   0.00000000   ,                     -0.123495                     
   3.5000000    ,   -2.500000    ,   -2.500000    ,   1.0000000    ,   0.00000000   ,   0.00000000   ,   0.00000000   ,                     -0.124181                     
   3.5000000    ,   -2.500000    ,   -1.500000    ,   1.0000000    ,   0.00000000   ,   0.00000000   ,   0.00000000   ,                     -0.124549                     
   3.5000000    ,   -2.500000    ,   -0.500000    ,   1.0000000    ,   0.00000000   ,   0.00000000   ,   0.00000000   ,                     -0.124972                     
   3.5000000    ,   -2.500000    ,   0.5000000    ,   1.0000000    ,   0.00000000   ,   0.00000000   ,   0.00000000   ,                     -0.124972                     
   3.5000000    ,   -2.500000    ,   1.5000000    ,   1.0000000    ,   0.00000000   ,   0.00000000   ,   0.00000000   ,                     -0.124549                     
   3.5000000    ,   -2.500000    ,   2.5000000    ,   1.0000000    ,   0.00000000   ,   0.00000000   ,   0.00000000   ,                     -0.124181                     
   3.5000000    ,   -2.500000    ,   3.5000000    ,   1.0000000    ,   0.00000000   ,   0.00000000   ,   0.00000000   ,                     -0.123495                     
   3.5000000    ,   -2.500000    ,   4.5000000    ,   1.0000000    ,   0.00000000   ,   0.00000000   ,   0.00000000   ,                     -0.123311                     
   3.5000000    ,   -1.500000    ,   -4.500000    ,   1.0000000    ,   0.00000000   ,   0.00000000   ,   0.00000000   ,                     -0.123495                     
   3.5000000    ,   -1.500000    ,   -3.500000    ,   1.0000000    ,   0.00000000   ,   0.00000000   ,   0.00000000   ,                     -0.123898                     
   3.5000000    ,   -1.500000    ,   -2.500000    ,   1.0000000    ,   0.00000000   ,   0.00000000   ,   0.00000000   ,                     -0.125188                     
   3.5000000    ,   -1.500000    ,   -1.500000    ,   1.0000000    ,   0.00000000   ,   0.00000000   ,   0.00000000   ,                     -0.125995                     
   3.5000000    ,   -1.500000    ,   -0.500000    ,   1.0000000    ,   0.00000000   ,   0.00000000   ,   0.00000000   ,                     -0.126838                     
   3.5000000    ,   -1.500000    ,   0.5000000    ,   1.0000000    ,   0.00000000   ,   0.00000000   ,   0.00000000   ,                     -0.126838                     
   3.5000000    ,   -1.500000    ,   1.5000000    ,   1.0000000    ,   0.00000000   ,   0.00000000   ,   0.00000000   ,                     -0.125995                     
   3.5000000    ,   -1.500000    ,   2.5000000    ,   1.0000000    ,   0.00000000   ,   0.00000000   ,   0.00000000   ,                     -0.125188                     
   3.5000000    ,   -1.500000    ,   3.5000000    ,   1.0000000    ,   0.00000000   ,   0.00000000   ,   0.00000000   ,                     -0.123898                     
   3.5000000    ,   -1.500000    ,   4.5000000    ,   1.0000000    ,   0.00000000   ,   0.00000000   ,   0.00000000   ,                     -0.123495                     
   3.5000000    ,   -0.500000    ,   -4.500000    ,   1.0000000    ,   0.00000000   ,   0.00000000   ,   0.00000000   ,                     -0.123654                     
   3.5000000    ,   -0.500000    ,   -3.500000    ,   1.0000000    ,   0.00000000   ,   0.00000000   ,   0.00000000   ,                     -0.124821                     
   3.5000000    ,   -0.500000    ,   -2.500000    ,   1.0000000    ,   0.00000000   ,   0.00000000   ,   0.00000000   ,                     -0.126189                     
   3.5000000    ,   -0.500000    ,   -1.500000    ,   1.0000000    ,   0.00000000   ,   0.00000000   ,   0.00000000   ,                     -0.127732                     
   3.5000000    ,   -0.500000    ,   -0.500000    ,   1.0000000    ,   0.00000000   ,   0.00000000   ,   0.00000000   ,                     -0.128758                     
   3.5000000    ,   -0.500000    ,   0.5000000    ,   1.0000000    ,   0.00000000   ,   0.00000000   ,   0.00000000   ,                     -0.128758                     
   3.5000000    ,   -0.500000    ,   1.5000000    ,   1.0000000    ,   0.00000000   ,   0.00000000   ,   0.00000000   ,                     -0.127732                     
   3.5000000    ,   -0.500000    ,   2.5000000    ,   1.0000000    ,   0.00000000   ,   0.00000000   ,   0.00000000   ,                     -0.126189                     
   3.5000000    ,   -0.500000    ,   3.5000000    ,   1.0000000    ,   0.00000000   ,   0.00000000   ,   0.00000000   ,                     -0.124821                     
   3.5000000    ,   -0.500000    ,   4.5000000    ,   1.0000000    ,   0.00000000   ,   0.00000000   ,   0.00000000   ,                     -0.123654                     
   3.5000000    ,   0.5000000    ,   -4.500000    ,   1.0000000    ,   0.00000000   ,   0.00000000   ,   0.00000000   ,                     -0.123654                     
   3.5000000    ,   0.5000000    ,   -3.500000    ,   1.0000000    ,   0.00000000   ,   0.00000000   ,   0.00000000   ,                     -0.124821                     
   3.5000000    ,   0.5000000    ,   -2.500000    ,   1.0000000    ,   0.00000000   ,   0.00000000   ,   0.00000000   ,                     -0.126189                     
   3.5000000    ,   0.5000000    ,   -1.500000    ,   1.0000000    ,   0.00000000   ,   0.00000000   ,   0.00000000   ,                     -0.127732                     
   3.5000000    ,   0.5000000    ,   -0.500000    ,   1.0000000    ,   0.00000000   ,   0.00000000   ,   0.00000000   ,                     -0.128758                     
   3.5000000    ,   0.5000000    ,   0.5000000    ,   1.0000000    ,   0.00000000   ,   0.00000000   ,   0.00000000   ,                     -0.128758                     
   3.5000000    ,   0.5000000    ,   1.5000000    ,   1.0000000    ,   0.00000000   ,   0.00000000   ,   0.00000000   ,                     -0.127732                     
   3.5000000    ,   0.5000000    ,   2.5000000    ,   1.0000000    ,   0.00000000   ,   0.00000000   ,   0.00000000   ,                     -0.126189                     
   3.5000000    ,   0.5000000    ,   3.5000000    ,   1.0000000    ,   0.00000000   ,   0.00000000   ,   0.00000000   ,                     -0.124821                     
   3.5000000    ,   0.5000000    ,   4.5000000    ,   1.0000000    ,   0.00000000   ,   0.00000000   ,   0.00000000   ,                     -0.123654                     
   3.5000000    ,   1.5000000    ,   -4.500000    ,   1.0000000    ,   0.00000000   ,   0.00000000   ,   0.00000000   ,                     -0.123495                     
   3.5000000    ,   1.5000000    ,   -3.500000    ,   1.0000000    ,   0.00000000   ,   0.00000000   ,   0.00000000   ,                     -0.123898                     
   3.5000000    ,   1.5000000    ,   -2.500000    ,   1.0000000    ,   0.00000000   ,   0.00000000   ,   0.00000000   ,                     -0.125188                     
   3.5000000    ,   1.5000000    ,   -1.500000    ,   1.0000000    ,   0.00000000   ,   0.00000000   ,   0.00000000   ,                     -0.125995                     
   3.5000000    ,   1.5000000    ,   -0.500000    ,   1.0000000    ,   0.00000000   ,   0.00000000   ,   0.00000000   ,                     -0.126838                     
   3.5000000    ,   1.5000000    ,   0.5000000    ,   1.0000000    ,   0.00000000   ,   0.00000000   ,   0.00000000   ,                     -0.126838                     
   3.5000000    ,   1.5000000    ,   1.5000000    ,   1.0000000    ,   0.00000000   ,   0.00000000   ,   0.00000000   ,                     -0.125995                     
   3.5000000    ,   1.5000000    ,   2.5000000    ,   1.0000000    ,   0.00000000   ,   0.00000000   ,   0.00000000   ,                     -0.125188                     
   3.5000000    ,   1.5000000    ,   3.5000000    ,   1.0000000    ,   0.00000000   ,   0.00000000   ,   0.00000000   ,                     -0.123898                     
   3.5000000    ,   1.5000000    ,   4.5000000    ,   1.0000000    ,   0.00000000   ,   0.00000000   ,   0.00000000   ,                     -0.123495                     
   3.5000000    ,   2.5000000    ,   -4.500000    ,   1.0000000    ,   0.00000000   ,   0.00000000   ,   0.00000000   ,                     -0.123311                     
   3.5000000    ,   2.5000000    ,   -3.500000    ,   1.0000000    ,   0.00000000   ,   0.00000000   ,   0.00000000   ,                     -0.123495                     
   3.5000000    ,   2.5000000    ,   -2.500000    ,   1.0000000    ,   0.00000000   ,   0.00000000   ,   0.00000000   ,                     -0.124181                     
   3.5000000    ,   2.5000000    ,   -1.500000    ,   1.0000000    ,   0.00000000   ,   0.00000000   ,   0.00000000   ,                     -0.124549                     
   3.5000000    ,   2.5000000    ,   -0.500000    ,   1.0000000    ,   0.00000000   ,   0.00000000   ,   0.00000000   ,                     -0.124972                     
   3.5000000    ,   2.5000000    ,   0.5000000    ,   1.0000000    ,   0.00000000   ,   0.00000000   ,   0.00000000   ,                     -0.124972                     
   3.5000000    ,   2.5000000    ,   1.5000000    ,   1.0000000    ,   0.00000000   ,   0.00000000   ,   0.00000000   ,                     -0.124549                     
   3.5000000    ,   2.5000000    ,   2.5000000    ,   1.0000000    ,   0.00000000   ,   0.00000000   ,   0.00000000   ,                     -0.124181                     
   3.5000000    ,   2.5000000    ,   3.5000000    ,   1.0000000    ,   0.00000000   ,   0.00000000   ,   0.00000000   ,                     -0.123495                     
   3.5000000    ,   2.5000000    ,   4.5000000    ,   1.0000000    ,   0.00000000   ,   0.00000000   ,   0.00000000   ,                     -0.123311                     
   3.5000000    ,   3.5000000    ,   -4.500000    ,   1.0000000    ,   0.00000000   ,   0.00000000   ,   0.00000000   ,                     -0.123047                     
   3.5000000    ,   3.5000000    ,   -3.500000    ,   1.0000000    ,   0.00000000   ,   0.00000000   ,   0.00000000   ,                     -0.123047                     
   3.5000000    ,   3.5000000    ,   -2.500000    ,   1.0000000    ,   0.00000000   ,   0.00000000   ,   0.00000000   ,                     -0.123311                     
   3.5000000    ,   3.5000000    ,   -1.500000    ,   1.0000000    ,   0.00000000   ,   0.00000000   ,   0.00000000   ,                     -0.123311                     
   3.5000000    ,   3.5000000    ,   -0.500000    ,   1.0000000    ,   0.00000000   ,   0.00000000   ,   0.00000000   ,                     -0.123575                     
   3.5000000    ,   3.5000000    ,   0.5000000    ,   1.0000000    ,   0.00000000   ,   0.00000000   ,   0.00000000   ,                     -0.123575                     
   3.5000000    ,   3.5000000    ,   1.5000000    ,   1.0000000    ,   0.00000000   ,   0.00000000   ,   0.00000000   ,                     -0.123311                     
   3.5000000    ,   3.5000000    ,   2.5000000    ,   1.0000000    ,   0.00000000   ,   0.00000000   ,   0.00000000   ,                     -0.123311                     
   3.5000000    ,   3.5000000    ,   3.5000000    ,   1.0000000    ,   0.00000000   ,   0.00000000   ,   0.00000000   ,                     -0.123047                     
   3.5000000    ,   3.5000000    ,   4.5000000    ,   1.0000000    ,   0.00000000   ,   0.00000000   ,   0.00000000   ,                     -0.123047                     
   3.5000000    ,   4.5000000    ,   -4.500000    ,   1.0000000    ,   0.00000000   ,   0.00000000   ,   0.00000000   ,                     -0.123047                     
   3.5000000    ,   4.5000000    ,   -3.500000    ,   1.0000000    ,   0.00000000   ,   0.00000000   ,   0.00000000   ,                     -0.123047                     
   3.5000000    ,   4.5000000    ,   -2.500000    ,   1.0000000    ,   0.00000000   ,   0.00000000   ,   0.00000000   ,                     -0.123047                     
   3.5000000    ,   4.5000000    ,   -1.500000    ,   1.0000000    ,   0.00000000   ,   0.00000000   ,   0.00000000   ,                     -0.123047                     
   3.5000000    ,   4.5000000    ,   -0.500000    ,   1.0000000    ,   0.00000000   ,   0.00000000   ,   0.00000000   ,                     -0.123047                     
   3.5000000    ,   4.5000000    ,   0.5000000    ,   1.0000000    ,   0.00000000   ,   0.00000000   ,   0.00000000   ,                     -0.123047                     
   3.5000000    ,   4.5000000    ,   1.5000000    ,   1.0000000    ,   0.00000000   ,   0.00000000   ,   0.00000000   ,                     -0.123047                     
   3.5000000    ,   4.5000000    ,   2.5000000    ,   1.0000000    ,   0.00000000   ,   0.00000000   ,   0.00000000   ,                     -0.123047                     
   3.5000000    ,   4.5000000    ,   3.5000000    ,   1.0000000    ,   0.00000000   ,   0.00000000   ,   0.00000000   ,                     -0.123047                     
   3.5000000    ,   4.5000000    ,   4.5000000    ,   1.0000000    ,   0.00000000   ,   0.00000000   ,   0.00000000   ,                     -0.123047                     
   4.5000000    ,   -4.500000    ,   -4.500000    ,   1.0000000    ,   0.00000000   ,   0.00000000   ,   0.00000000   ,                     -0.123047                     
   4.5000000    ,   -4.500000    ,   -3.500000    ,   1.0000000    ,   0.00000000   ,   0.00000000   ,   0.00000000   ,                     -0.123047                     
   4.5000000    ,   -4.500000    ,   -2.500000    ,   1.0000000    ,   0.00000000   ,   0.00000000   ,   0.00000000   ,                     -0.123047                     
   4.5000000    ,   -4.500000    ,   -1.500000    ,   1.0000000    ,   0.00000000   ,   0.00000000   ,   0.00000000   ,                     -0.123047                     
   4.5000000    ,   -4.500000    ,   -0.500000    ,   1.0000000    ,   0.00000000   ,   0.00000000   ,   0.00000000   ,                     -0.123047                     
   4.5000000    ,   -4.500000    ,   0.5000000    ,   1.0000000    ,   0.00000000   ,   0.00000000   ,   0.00000000   ,                     -0.123047                     
   4.5000000    ,   -4.500000    ,   1.5000000    ,   1.0000000    ,   0.00000000   ,   0.00000000   ,   0.00000000   ,                     -0.123047                     
   4.5000000    ,   -4.500000    ,   2.5000000    ,   1.0000000    ,   0.00000000   ,   0.00000000   ,   0.00000000   ,                     -0.123047                     
   4.5000000    ,   -4.500000    ,   3.5000000    ,   1.0000000    ,   0.00000000   ,   0.00000000   ,   0.00000000   ,                     -0.123047                     
   4.5000000    ,   -4.500000    ,   4.5000000    ,   1.0000000    ,   0.00000000   ,   0.00000000   ,   0.00000000   ,                     -0.123047                     
   4.5000000    ,   -3.500000    ,   -4.500000    ,   1.0000000    ,   0.00000000   ,   0.00000000   ,   0.00000000   ,                     -0.123047                     
   4.5000000    ,   -3.500000    ,   -3.500000    ,   1.0000000    ,   0.00000000   ,   0.00000000   ,   0.00000000   ,                     -0.123047                     
   4.5000000    ,   -3.500000    ,   -2.500000    ,   1.0000000    ,   0.00000000   ,   0.00000000   ,   0.00000000   ,                     -0.123047                     
   4.5000000    ,   -3.500000    ,   -1.500000    ,   1.0000000    ,   0.00000000   ,   0.00000000   ,   0.00000000   ,                     -0.123047                     
   4.5000000    ,   -3.500000    ,   -0.500000    ,   1.0000000    ,   0.00000000   ,   0.00000000   ,   0.00000000   ,                     -0.123047                     
   4.5000000    ,   -3.500000    ,   0.5000000    ,   1.0000000    ,   0.00000000   ,   0.00000000   ,   0.00000000   ,                     -0.123047                     
   4.5000000    ,   -3.500000    ,   1.5000000    ,   1.0000000    ,   0.00000000   ,   0.00000000   ,   0.00000000   ,                     -0.123047                     
   4.5000000    ,   -3.500000    ,   2.5000000    ,   1.0000000    ,   0.00000000   ,   0.00000000   ,   0.00000000   ,                     -0.123047                     
   4.5000000    ,   -3.500000    ,   3.5000000    ,   1.0000000    ,   0.00000000   ,   0.00000000   ,   0.00000000   ,                     -0.123047                     
   4.5000000    ,   -3.500000    ,   4.5000000    ,   1.0000000    ,   0.00000000   ,   0.00000000   ,   0.00000000   ,                     -0.123047                     
   4.5000000    ,   -2.500000    ,   -4.500000    ,   1.0000000    ,   0.00000000   ,   0.00000000   ,   0.00000000   ,                     -0.123047                     
   4.5000000    ,   -2.500000    ,   -3.500000    ,   1.0000000    ,   0.00000000   ,   0.00000000   ,   0.00000000   ,                     -0.123047                     
   4.5000000    ,   -2.500000    ,   -2.500000    ,   1.0000000    ,   0.00000000   ,   0.00000000   ,   0.00000000   ,                     -0.123047                     
   4.5000000    ,   -2.500000    ,   -1.500000    ,   1.0000000    ,   0.00000000   ,   0.00000000   ,   0.00000000   ,                     -0.123047                     
   4.5000000    ,   -2.500000    ,   -0.500000    ,   1.0000000    ,   0.00000000   ,   0.00000000   ,   0.00000000   ,                     -0.123047                     
   4.5000000    ,   -2.500000    ,   0.5000000    ,   1.0000000    ,   0.00000000   ,   0.00000000   ,   0.00000000   ,                     -0.123047                     
   4.5000000    ,   -2.500000    ,   1.5000000    ,   1.0000000    ,   0.00000000   ,   0.00000000   ,   0.00000000   ,                     -0.123047                     
   4.5000000    ,   -2.500000    ,   2.5000000    ,   1.0000000    ,   0.00000000   ,   0.00000000   ,   0.00000000   ,                     -0.123047                     
   4.5000000    ,   -2.500000    ,   3.5000000    ,   1.0000000    ,   0.00000000   ,   0.00000000   ,   0.00000000   ,                     -0.123047                     
   4.5000000    ,   -2.500000    ,   4.5000000    ,   1.0000000    ,   0.00000000   ,   0.00000000   ,   0.00000000   ,                     -0.123047                     
   4.5000000    ,   -1.500000    ,   -4.500000    ,   1.0000000    ,   0.00000000   ,   0.00000000   ,   0.00000000   ,                     -0.123047                     
   4.5000000    ,   -1.500000    ,   -3.500000    ,   1.0000000    ,   0.00000000   ,   0.00000000   ,   0.00000000   ,                     -0.123311                     
   4.5000000    ,   -1.500000    ,   -2.500000    ,   1.0000000    ,   0.00000000   ,   0.00000000   ,   0.00000000   ,                     -0.123387                     
   4.5000000    ,   -1.500000    ,   -1.500000    ,   1.0000000    ,   0.00000000   ,   0.00000000   ,   0.00000000   ,                     -0.123914                     
   4.5000000    ,   -1.500000    ,   -0.500000    ,   1.0000000    ,   0.00000000   ,   0.00000000   ,   0.00000000   ,                     -0.123990                     
   4.5000000    ,   -1.500000    ,   0.5000000    ,   1.0000000    ,   0.00000000   ,   0.00000000   ,   0.00000000   ,                     -0.123990                     
   4.5000000    ,   -1.500000    ,   1.5000000    ,   1.0000000    ,   0.00000000   ,   0.00000000   ,   0.00000000   ,                     -0.123914                     
   4.5000000    ,   -1.500000    ,   2.5000000    ,   1.0000000    ,   0.00000000   ,   0.00000000   ,   0.00000000   ,                     -0.123387                     
   4.5000000    ,   -1.500000    ,   3.5000000    ,   1.0000000    ,   0.00000000   ,   0.00000000   ,   0.00000000   ,                     -0.123311                     
   4.5000000    ,   -1.500000    ,   4.5000000    ,   1.0000000    ,   0.00000000   ,   0.00000000   ,   0.00000000   ,                     -0.123047                     
   4.5000000    ,   -0.500000    ,   -4.500000    ,   1.0000000    ,   0.00000000   ,   0.00000000   ,   0.00000000   ,                     -0.123047                     
   4.5000000    ,   -0.500000    ,   -3.500000    ,   1.0000000    ,   0.00000000   ,   0.00000000   ,   0.00000000   ,                     -0.123387                     
   4.5000000    ,   -0.500000    ,   -2.500000    ,   1.0000000    ,   0.00000000   ,   0.00000000   ,   0.00000000   ,                     -0.123495                     
   4.5000000    ,   -0.500000    ,   -1.500000    ,   1.0000000    ,   0.00000000   ,   0.00000000   ,   0.00000000   ,                     -0.124174                     
   4.5000000    ,   -0.500000    ,   -0.500000    ,   1.0000000    ,   0.00000000   ,   0.00000000   ,   0.00000000   ,                     -0.124282                     
   4.5000000    ,   -0.500000    ,   0.5000000    ,   1.0000000    ,   0.00000000   ,   0.00000000   ,   0.00000000   ,                     -0.124282                     
   4.5000000    ,   -0.500000    ,   1.5000000    ,   1.0000000    ,   0.00000000   ,   0.00000000   ,   0.00000000   ,                     -0.124174                     
   4.5000000    ,   -0.500000    ,   2.5000000    ,   1.0000000    ,   0.00000000   ,   0.00000000   ,   0.00000000   ,                     -0.123495                     
   4.5000000    ,   -0.500000    ,   3.5000000    ,   1.0000000    ,   0.00000000   ,   0.00000000   ,   0.00000000   ,                     -0.123387                     
   4.5000000    ,   -0.500000    ,   4.5000000    ,   1.0000000    ,   0.00000000   ,   0.00000000   ,   0.00000000   ,                     -0.123047                     
   4.5000000    ,   0.5000000    ,   -4.500000    ,   1.0000000    ,   0.00000000   ,   0.00000000   ,   0.00000000   ,                     -0.123047                     
   4.5000000    ,   0.5000000    ,   -3.500000    ,   1.0000000    ,   0.00000000   ,   0.00000000   ,   0.00000000   ,                     -0.123387                     
   4.5000000    ,   0.5000000    ,   -2.500000    ,   1.0000000    ,   0.00000000   ,   0.00000000   ,   0.00000000   ,                     -0.123495                     
   4.5000000    ,   0.5000000    ,   -1.500000    ,   1.0000000    ,   0.00000000   ,   0.00000000   ,   0.00000000   ,                     -0.124174                     
   4.5000000    ,   0.5000000    ,   -0.500000    ,   1.0000000    ,   0.00000000   ,   0.00000000   ,   0.00000000   ,                     -0.124282                     
   4.5000000    ,   0.5000000    ,   0.5000000    ,   1.0000000    ,   0.00000000   ,   0.00000000   ,   0.00000000   ,                     -0.124282                     
   4.5000000    ,   0.5000000    ,   1.5000000    ,   1.0000000    ,   0.00000000   ,   0.00000000   ,   0.00000000   ,                     -0.124174                     
   4.5000000    ,   0.5000000    ,   2.5000000    ,   1.0000000    ,   0.00000000   ,   0.00000000   ,   0.00000000   ,                     -0.123495                     
   4.5000000    ,   0.5000000    ,   3.5000000    ,   1.0000000    ,   0.00000000   ,   0.00000000   ,   0.00000000   ,                     -0.123387                     
   4.5000000    ,   0.5000000    ,   4.5000000    ,   1.0000000    ,   0.00000000   ,   0.00000000   ,   0.00000000   ,                     -0.123047                     
   4.5000000    ,   1.5000000    ,   -4.500000    ,   1.0000000    ,   0.00000000   ,   0.00000000   ,   0.00000000   ,                     -0.123047                     
   4.5000000    ,   1.5000000    ,   -3.500000    ,   1.0000000    ,   0.00000000   ,   0.00000000   ,   0.00000000   ,                     -0.123311                     
   4.5000000    ,   1.5000000    ,   -2.500000    ,   1.0000000    ,   0.00000000   ,   0.00000000   ,   0.00000000   ,                     -0.123387                     
   4.5000000    ,   1.5000000    ,   -1.500000    ,   1.0000000    ,   0.00000000   ,   0.00000000   ,   0.00000000   ,                     -0.123914                     
   4.5000000    ,   1.5000000    ,   -0.500000    ,   1.0000000    ,   0.00000000   ,   0.00000000   ,   0.00000000   ,                     -0.123990                     
   4.5000000    ,   1.5000000    ,   0.5000000    ,   1.0000000    ,   0.00000000   ,   0.00000000   ,   0.00000000   ,                     -0.123990                     
   4.5000000    ,   1.5000000    ,   1.5000000    ,   1.0000000    ,   0.00000000   ,   0.00000000   ,   0.00000000   ,                     -0.123914                     
   4.5000000    ,   1.5000000    ,   2.5000000    ,   1.0000000    ,   0.00000000   ,   0.00000000   ,   0.00000000   ,                     -0.123387                     
   4.5000000    ,   1.5000000    ,   3.5000000    ,   1.0000000    ,   0.00000000   ,   0.00000000   ,   0.00000000   ,                     -0.123311                     
   4.5000000    ,   1.5000000    ,   4.5000000    ,   1.0000000    ,   0.00000000   ,   0.00000000   ,   0.00000000   ,                     -0.123047                     
   4.5000000    ,   2.5000000    ,   -4.500000    ,   1.0000000    ,   0.00000000   ,   0.00000000   ,   0.00000000   ,                     -0.123047                     
   4.5000000    ,   2.5000000    ,   -3.500000    ,   1.0000000    ,   0.00000000   ,   0.00000000   ,   0.00000000   ,                     -0.123047                     
   4.5000000    ,   2.5000000    ,   -2.500000    ,   1.0000000    ,   0.00000000   ,   0.00000000   ,   0.00000000   ,                     -0.123047                     
   4.5000000    ,   2.5000000    ,   -1.500000    ,   1.0000000    ,   0.00000000   ,   0.00000000   ,   0.00000000   ,                     -0.123047                     
   4.5000000    ,   2.5000000    ,   -0.500000    ,   1.0000000    ,   0.00000000   ,   0.00000000   ,   0.00000000   ,                     -0.123047                     
   4.5000000    ,   2.5000000    ,   0.5000000    ,   1.0000000    ,   0.00000000   ,   0.00000000   ,   0.00000000   ,                     -0.123047                     
   4.5000000    ,   2.5000000    ,   1.5000000    ,   1.0000000    ,   0.00000000   ,   0.00000000   ,   0.00000000   ,                     -0.123047                     
   4.5000000    ,   2.5000000    ,   2.5000000    ,   1.0000000    ,   0.00000000   ,   0.00000000   ,   0.00000000   ,                     -0.123047                     
   4.5000000    ,   2.5000000    ,   3.5000000    ,   1.0000000    ,   0.00000000   ,   0.00000000   ,   0.00000000   ,                     -0.123047                     
   4.5000000    ,   2.5000000    ,   4.5000000    ,   1.0000000    ,   0.00000000   ,   0.00000000   ,   0.00000000   ,                     -0.123047                     
   4.5000000    ,   3.5000000    ,   -4.500000    ,   1.0000000    ,   0.00000000   ,   0.00000000   ,   0.00000000   ,                     -0.123047                     
   4.5000000    ,   3.5000000    ,   -3.500000    ,   1.0000000    ,   0.00000000   ,   0.00000000   ,   0.00000000   ,                     -0.123047                     
   4.5000000    ,   3.5000000    ,   -2.500000    ,   1.0000000    ,   0.00000000   ,   0.00000000   ,   0.00000000   ,                     -0.123047                     
   4.5000000    ,   3.5000000    ,   -1.500000    ,   1.0000000    ,   0.00000000   ,   0.00000000   ,   0.00000000   ,                     -0.123047                     
   4.5000000    ,   3.5000000    ,   -0.500000    ,   1.0000000    ,   0.00000000   ,   0.00000000   ,   0.00000000   ,                     -0.123047                     
   4.5000000    ,   3.5000000    ,   0.5000000    ,   1.0000000    ,   0.00000000   ,   0.00000000   ,   0.00000000   ,                     -0.123047                     
   4.5000000    ,   3.5000000    ,   1.5000000    ,   1.0000000    ,   0.00000000   ,   0.00000000   ,   0.00000000   ,                     -0.123047                     
   4.5000000    ,   3.5000000    ,   2.5000000    ,   1.0000000    ,   0.00000000   ,   0.00000000   ,   0.00000000   ,                     -0.123047                     
   4.5000000    ,   3.5000000    ,   3.5000000    ,   1.0000000    ,   0.00000000   ,   0.00000000   ,   0.00000000   ,                     -0.123047                     
   4.5000000    ,   3.5000000    ,   4.5000000    ,   1.0000000    ,   0.00000000   ,   0.00000000   ,   0.00000000   ,                     -0.123047                     
   4.5000000    ,   4.5000000    ,   -4.500000    ,   1.0000000    ,   0.00000000   ,   0.00000000   ,   0.00000000   ,                     -0.123047                     
   4.5000000    ,   4.5000000    ,   -3.500000    ,   1.0000000    ,   0.00000000   ,   0.00000000   ,   0.00000000   ,                     -0.123047                     
   4.5000000    ,   4.5000000    ,   -2.500000    ,   1.0000000    ,   0.00000000   ,   0.00000000   ,   0.00000000   ,                     -0.123047                     
   4.5000000    ,   4.5000000    ,   -1.500000    ,   1.0000000    ,   0.00000000   ,   0.00000000   ,   0.00000000   ,                     -0.123047                     
   4.5000000    ,   4.5000000    ,   -0.500000    ,   1.0000000    ,   0.00000000   ,   0.00000000   ,   0.00000000   ,                     -0.123047                     
   4.5000000    ,   4.5000000    ,   0.5000000    ,   1.0000000    ,   0.00000000   ,   0.00000000   ,   0.00000000   ,                     -0.123047                     
   4.5000000    ,   4.5000000    ,   1.5000000    ,   1.0000000    ,   0.00000000   ,   0.00000000   ,   0.00000000   ,                     -0.123047                     
   4.5000000    ,   4.5000000    ,   2.5000000    ,   1.0000000    ,   0.00000000   ,   0.00000000   ,   0.00000000   ,                     -0.123047                     
   4.5000000    ,   4.5000000    ,   3.5000000    ,   1.0000000    ,   0.00000000   ,   0.00000000   ,   0.00000000   ,                     -0.123047                     
   4.5000000    ,   4.5000000    ,   4.5000000    ,   1.0000000    ,   0.00000000   ,   0.00000000   ,   0.00000000   ,                     -0.123047                     
